Codon,Const,Const_pv,TrnaGe,TrnaGe_pv,AAUsage,AAUsage_pv,DummyCognate,DummyCognate_pv,DummyMutSpecMatch,DummyMutSpecMatch_pv
AAA,,,-0.0017348091485878958,0.186334183272289,0.01621424022445398,4.877307765259011e-299,1.451639777034761,0.0,1.451639777034761,0.0
AAC,,,-0.024015839062234312,1.4266156114305459e-97,0.00714015616886945,2.9147167869018466e-286,1.5299378503460632,0.0,1.529937850346064,0.0
AAG,2.7204697079655937,1.683080838137387e-120,-0.016205533274657676,1.3628288145565392e-06,-0.008530341893002162,2.4140341330416607e-17,0.0,,0.0,
AAT,3.319545393225484,0.0,0.03986509559690321,4.449269191205273e-136,0.009177427658096666,5.0068819381817115e-260,0.0,,0.0,
ACA,,,0.012142127559566064,3.599966767367615e-80,0.003625383224113962,0.0,1.9775023682533464,0.0,1.9775023682533466,0.0
ACC,,,-0.019792146089275105,1.4253056608683876e-180,0.005390619594457456,0.0,0.0,,2.6863755564071203,0.0
ACG,2.694098041715964,1.5751706290361246e-161,-0.027488568743061853,8.764286996815276e-42,-0.0024029529314731047,4.371388917228203e-18,0.0,,0.0,
ACT,4.251001418616711,0.0,0.009551376937325,1.643471058855103e-23,-0.0002473102512891795,0.04689080949781423,0.0,,0.0,
AGC,,,-0.016613703084562153,2.4776583500397056e-34,0.00019638229953919005,0.36512591620550505,-0.17887116089261768,0.2360379773562974,3.5329214748634534,5.860224611670862e-107
AGT,2.2026488500014767,3.132148384999367e-98,0.025918145019841906,6.778202547056875e-23,0.0028000894473891222,1.09449965605239e-11,0.0,,0.0,
ATA,,,-0.006418087877925181,4.9034218940270616e-11,0.008215571189390685,0.0,0.002735204065642538,0.9727128116442654,3.2702625707378887,0.0
ATC,,,0.020763162538088367,1.3124761018682288e-259,0.0012033989751693598,3.0510910114769915e-34,2.4761553255315985,0.0,2.4761553255315985,0.0
ATG,2.863547021504004,1.6436982743558993e-42,0.008475743768721681,1.196612243338301e-07,-0.004344090963891753,3.5400896527311296e-265,1.881993513493119,2.3522629129137983e-19,0.0,
ATT,2.703594964627861,0.0,-0.022679365832810352,0.0,0.006515836790402639,0.0,0.0,,0.0,
CAA,,,0.008771052357596903,6.484923558366604e-16,0.011426239357421899,1.0084831382869535e-152,1.7355117226953505,0.0,1.7355117226953503,0.0
CAC,,,-0.007409742814198332,6.274798979121389e-10,0.01945467913183782,9.469508267366621e-240,0.04127112976526992,0.7620872260910626,2.154884457364929,2.5660663747995034e-49
CAG,0.6668304070946333,5.402170338948598e-10,-0.0579093897169212,1.045136866152156e-96,0.009001574808269049,1.4570022002973018e-15,0.0,,0.0,
CAT,4.070402905581899,0.0,0.020697966003658076,1.7456246713481444e-27,-0.004249170119725822,2.233484376640331e-09,0.0,,0.0,
CCA,,,0.00958050078177664,2.1672379042026645e-19,7.791784677542513e-05,0.7357234993894346,2.291738978661073,0.0,2.291738978661073,0.0
CCC,,,-0.001134693065065289,0.3120342900050812,0.019988365276443393,0.0,0.0,,0.10986202519517874,0.14018519868746301
CCG,-0.26728584178172254,0.18314507357923016,-0.03599595657505183,4.888698675469577e-30,0.008275898080661162,1.5215982944754455e-18,0.0,,0.0,
CCT,3.4906301904888157,0.0,-0.015168147588478238,2.9102315557501935e-25,-0.00023502382666024091,0.48836393201925254,0.0,,0.0,
CGA,,,0.00106199212671619,0.4230066298786943,0.009793451426117202,9.134517890037938e-22,-0.06823460346288705,0.37371114300101216,3.130215724281369,6.611961519592925e-216
CGC,,,-0.0016461837246313496,0.4680171453796039,0.010618648162530298,1.8173730373591608e-09,0.0,,1.8896929158444136,3.677024491273484e-59
CGG,-3.5655988994339327,1.365079078283006e-80,-0.028038208449618227,1.2324471077245417e-16,0.07079070824230572,1.186981339680356e-153,-0.20189572616433427,0.5938466329457448,0.0,
CGT,0.39583738040117444,0.01521540049928891,0.016837783654758517,5.0166671616669095e-08,0.027027726938300717,1.418889443134571e-28,0.0,,0.0,
CTA,,,0.01985603371859531,1.5594030407660666e-121,0.0015686119380479314,0.0,2.4753179870145243,0.0,2.475317987014524,0.0
CTC,,,-0.005221992704372895,1.2025387186082103e-05,0.005849809341171909,0.0,0.0,,1.755504255003917,0.0
CTG,1.6840621216779135,2.1230882113468022e-256,-0.039002804572282515,2.773523319891531e-94,0.00288300467324955,4.12198958986457e-291,0.0,,0.0,
CTT,4.034639857319254,0.0,-0.029492325985977598,4.9109561403099025e-139,0.0003138635473608632,2.4107378907794075e-12,0.0,,0.0,
GAA,,,0.0020224696530341596,0.04793828304229119,0.008372720194989728,2.2390598019698537e-66,-0.010571120681948543,0.9280816692886432,3.5923698289798107,1.2264197176221417e-179
GAC,,,-0.00996984024629606,4.456469881888815e-21,0.015187676494958805,7.883461350594321e-70,1.3228747971748414,0.0,1.3228747971748425,0.0
GAG,0.3315636794474437,0.0007445951993561384,-0.013811481720111854,1.8849968203609002e-10,0.024455167790239204,2.4562861669956226e-143,0.0,,0.0,
GAT,2.2310269093501995,6.069159146269102e-193,0.024793917122609428,3.298149425421604e-54,0.01776569452833786,5.785114911139731e-45,0.0,,0.0,
GCA,,,0.0022602862742758818,0.046119263630840006,0.001765345964805924,1.992920782513332e-110,0.08196272785902002,0.25714241640088586,4.044188371669215,0.0
GCC,,,-0.007291308666144026,1.744265089277553e-13,0.005468304621267394,0.0,0.0,,3.12290385958522,0.0
GCG,-1.251225143590176,1.060288320264051e-37,-0.0199106858941152,6.151648327016641e-08,0.010471966168423106,1.7840964228847254e-274,-0.416234804771602,0.09649423153127946,0.0,
GCT,3.5798830642626096,0.0,0.013520560982867223,8.205361323261473e-18,0.0020732305145843635,1.0335585269066064e-80,0.0,,0.0,
GGA,,,0.004069731249819453,0.0017523887451436663,0.0016749416050709548,5.013232418364355e-15,24.384393553102733,0.998716226083425,-20.228576316205967,0.9989350187413313
GGC,,,-0.011348685031971626,4.204538140378962e-14,0.004668459423281937,6.957561704135007e-82,0.0,,3.0583255570171293,0.0
GGG,-0.6837427678708051,2.407916345058029e-15,0.00789946431460533,0.0009345569176955603,0.019836670719570057,0.0,0.0,,0.0,
GGT,2.4867340639873534,7.377532537051425e-229,0.010125632630224276,1.2633637650659715e-05,0.004636497988503992,1.0707172814790437e-34,0.0,,0.0,
GTA,,,0.0007523567640357527,0.48139873321373605,0.0023187300153560365,3.4237602974983184e-79,-0.11843182179999667,0.14400238898110254,4.031690181215926,0.0
GTC,,,-0.004453156860929344,0.0010847124821797443,0.005719127377093401,5.681882489392058e-275,0.0,,2.7282638976496596,0.0
GTG,0.17276989096629575,0.0016838455255824792,-0.010012239172568023,2.5964335914262217e-05,0.012957350004813148,0.0,-0.0391087043755054,0.8968725072856133,0.0,
GTT,1.9833824113111262,0.0,0.013691530126202264,1.2284866029124222e-21,0.010687461467565884,0.0,-0.2847135920016872,0.2708289840582222,0.0,
TAC,,,-0.0031630049985558184,0.00862136212810206,0.005043680657506098,9.475750101292524e-40,1.7784477624229735,0.0,1.7784477624229722,0.0
TAT,1.848532023638728,3.2135148535452173e-147,-0.0010584576129693997,0.48506390800919297,0.017512105881004686,7.542777549064036e-278,0.0,,0.0,
TCA,,,0.015206464318611949,9.107651467402807e-32,-0.010213266011458841,2.2852442283759377e-51,2.589969142871526,0.0,2.589969142871526,0.0
TCC,,,-0.017798232270045653,9.205076309252214e-37,0.01648860776891973,1.4549508486679475e-86,0.0,,3.0940231982630118,0.0
TCG,0.664721971839906,6.457187590111897e-07,0.00025695435867145256,0.9519177215140009,0.027398991763038758,6.465879296376474e-27,0.0,,0.0,
TCT,3.8367815440814352,0.0,0.035205338941590295,4.4330665183212155e-77,0.00901728361040625,4.8928514650922865e-18,0.0,,0.0,
TGA,,,0.005505075572959876,3.5396854489711137e-13,0.0091447252308286,2.899517228339202e-92,1.8254975055227374,0.0,1.8254975055227374,0.0
TGC,,,-0.009876393089104513,1.5320994057006562e-07,0.030045492649557783,4.802460573177786e-111,-0.08166417081587984,0.6295248061534822,1.9812469280198648,9.086503968175397e-30
TGG,-0.49569297146291336,0.00018685538635080753,-0.02941787782847162,6.905827520877554e-51,0.023802632437121787,4.339199926443273e-71,0.0,,0.0,
TGT,1.6177251785712066,7.161104159776917e-101,0.018458471049779022,1.1717845724873653e-10,0.03025629642786258,6.912263750153684e-50,0.0,,0.0,
TTA,,,0.004697931094084097,3.405645281059978e-08,0.006825336889487663,0.0,1.923011080717142,0.0,1.923011080717142,0.0
TTC,,,-0.031899572135585905,1.610640575724578e-226,0.0004208237450911592,0.01827040052944067,0.04819236505678637,0.6088894622337748,4.231677072899313,0.0
TTG,1.5316303928870918,1.009947903417234e-208,-0.03210037364708822,4.053774638026558e-45,0.004380315200450214,8.904124398365374e-183,0.0,,0.0,
TTT,2.4961173993476997,0.0,0.0364232236999356,4.29457406186455e-229,0.011604850604028383,0.0,0.02188986807506188,0.8069444276383976,0.0,
