Codon,Const,TrnaGe,AAUsage,DummyCognate,DummyMutSpecMatch
AAA,,0.3184618849486327,0.9423487695055901,1.508150211551765,1.508150211551765
AAC,,-0.5201144605526107,0.5994964532028717,39.98455712291581,-33.447089047451605
AAG,,-0.31846188494863215,0.05765123049441056,-3.0163004231035764,0.0
AAT,33.447089047451456,0.5201144605524955,0.40050354679711253,-39.98455712291579,0.0
ACA,,-1.161324398912997,0.6246832022279195,27.423807530171395,-105.14107092145535
ACC,,0.6423416237635955,0.4470140103049924,-39.20699009488769,13.283999903792196
ACG,-8.230982436788738,-0.38433279828394684,0.030249418498677287,-0.46312807977979165,0.0
ACT,100.08805345445234,0.9033155734333506,-0.1019466310315898,12.24631064449608,0.0
AGC,,-0.3584876450167222,-0.0376300000054324,19.474552252366458,19.474552252366458
AGT,,0.07465037084650206,0.008922976197959938,8.483543937903951,0.0
ATA,,1.083419988242587,1.154246393096786,0.0,-52.846186940364525
ATC,,0.46601702865870465,0.20378296184607325,45.62881147010295,77.74410440441224
ATG,52.84618694036454,-1.0834199882425826,-0.1542463930967866,0.0,0.0
ATT,-77.74410440441144,-0.4660170286586891,0.7962170381539162,-45.62881147010292,0.0
CAA,,0.9360433167648188,0.9083318778000187,7.344029872953609,7.344029872953605
CAC,,-1.3111279122476063,0.8095630406488932,27.21389586819912,-51.64931590374699
CAG,,-0.9360433167648179,0.09166812219998108,-14.688059745907225,0.0
CAT,51.64931590374695,1.311127912247612,0.19043695935110974,-27.213895868199113,0.0
CCA,,-1.6386311898423593,-0.37143335070816114,30.86297911815398,145.99979280724318
CCC,,0.9489405419596153,1.0744272310882765,-35.08318440927761,-125.41928676724315
CCG,-28.92375032616072,-0.0676403424182074,0.1598255385804395,4.074536235718375,0.0
CCT,8.343244286159916,0.7573309903009507,0.13718058103944586,0.145669055405385,0.0
CGA,,0.6870942785640242,0.5118385940470381,14.153691671953666,5.012261680828324
CGC,,-0.730774992227579,0.3463815893578533,-14.020264833049207,-5.681385859061911
CGG,0.16148442401766472,-0.13362904017066451,0.013145189953754934,0.37240451281138304,0.0
CGT,0.5076397542159174,0.1773097538342215,0.1286346266413528,-0.5058313517158335,0.0
CTA,,0.8809557452385329,0.18954668023965854,81.40997998892408,106.8367852339278
CTC,,-0.8801140489821702,0.48251331766627464,-79.61314472685203,-73.06087936747764
CTG,-87.17909428390037,-0.8695434796648639,0.20110743066116604,13.451758380746888,0.0
CTT,53.40318841745045,0.8687017834084977,0.12683257143290072,-15.248593642818996,0.0
GAA,,0.176382204710389,0.7808357414106761,4.777045256444854,4.777045256444858
GAC,,-0.38301530349799645,0.8907169341700512,16.993889146851522,-33.418467312197414
GAG,,-0.17638220471039462,0.2191642585893213,-9.554090512889648,0.0
GAT,33.418467312197485,0.38301530349814794,0.10928306582998004,-16.993889146851544,0.0
GCA,,-0.010845924634380388,0.37920428429239844,22.477118312373904,-6.01297431227605
GCC,,-0.4377909513261775,0.5841269890809389,-20.001723240352703,-38.65556096593229
GCG,-21.500472912000593,-0.38498946509911447,0.08042929951140709,1.3298748834387888,0.0
GCT,66.16900819020906,0.8336263410596809,-0.04376057288474243,-3.805269955459968,0.0
GGA,,-0.28758317432413144,0.22557708190673376,29.617919832657744,12.764961313953066
GGC,,0.31284435145016465,0.520800806822698,-30.88080088917137,-8.113132443338419
GGG,5.097424619364915,-0.5183558708007086,0.06243099197396972,-0.6250075952882099,0.0
GGT,-9.749253489979715,0.4930946936746828,0.1911911192965988,1.8878886518018336,0.0
GTA,,0.013946546268316151,0.24690854839817836,20.682165039514413,16.58165201700178
GTC,,-0.5507705559791958,0.38686251918073306,-21.28567390261317,-5.8696353456987875
GTG,-18.80169264566026,0.04336901496487433,0.22275952169151303,-1.4557258889445914,0.0
GTT,8.089675974357228,0.49345499474600707,0.1434694107295761,2.059234752043346,0.0
TAC,,-0.045311370624588676,0.3712962875666547,21.17041215190017,7.571484106680472
TAT,-7.571484106680414,0.045311370624522285,0.6287037124333327,-21.170412151900145,0.0
TCA,,0.6925447942085482,-0.6765047618231315,31.798591948520695,120.18461549283946
TCC,,0.5042706038484321,0.8225994346276972,-33.551429311509295,64.49978509406952
TCG,-5.407717426298699,-0.20952027896691763,0.1859558868629254,-0.5313538660143313,0.0
TCT,45.76487046862523,0.4119822192414124,-0.17238102488149992,2.7180625920162385,0.0
TGA,,0.13728647140944616,1.3873717729933754,-23.26258052318975,-23.26258052318977
TGC,,-0.13558933452260696,0.6351018699749572,5.502383151424909,-6.629864810789048
TGG,,-0.1372864714092888,-0.38737177299335007,46.52516104637958,0.0
TGT,6.62986481078904,0.13558933452260716,0.3648981300250435,-5.502383151424911,0.0
TTA,,-0.18964681679335937,0.9819572828638448,-5.489731210319228,-5.4897312103192135
TTC,,-0.4108384985647535,0.49808271831073936,37.678749675835185,-18.85596750815935
TTG,,0.18964681679340503,0.018042717136161998,10.979462420638432,0.0
TTT,18.855967508159484,0.4108384985647425,0.5019172816892583,-37.678749675835235,0.0
