Codon,Const,Const_pv,TrnaGe,TrnaGe_pv,AAUsage,AAUsage_pv,DummyCognate,DummyCognate_pv,A>T,A>T_pv,A>G,A>G_pv,A>C,A>C_pv,T>A,T>A_pv,T>G,T>G_pv,T>C,T>C_pv,G>A,G>A_pv,G>T,G>T_pv,G>C,G>C_pv,C>A,C>A_pv,C>T,C>T_pv,C>G,C>G_pv
AAA,,,0.004416272423682893,0.43938317390639947,0.015819360347655263,1.3806557644921706e-14,2.7985260455511605,8.995294063184032e-55,1.1746475441552562,0.28001368770547075,-1.0827985538872271,1.7031935554569206e-05,-0.8702562248192613,0.4010243141588955,-0.12992091867012956,0.7997113966120512,1.3513814420066073,0.13958632780299035,0.228157617993058,0.2635254298507377,0.4065096718828227,0.0003144386585541753,0.0652377481606301,0.8663326692604597,-0.1899780878105508,0.49012767744224284,0.4462153681220302,0.4394181195672392,0.39865062555579645,0.21678086210719727,1.0006798128621242,0.33713643075979205
AAC,,,-0.01102184311536418,0.012103334923377809,0.009597880291734792,2.7758525427330335e-09,2.6560129290740484,2.363563665828956e-41,0.3976232764207843,0.7001274866480274,0.3046527075267984,0.17376758084734267,0.046132417168276874,0.9610799595089926,-0.23066172636696658,0.6411516797851664,-0.46431709535849564,0.5778169295260983,1.0050959686743388,3.659730249780363e-08,0.3325222879584928,0.0025054822382511817,0.8455984655025492,0.015776630663035605,0.5228983949993466,0.03825540417202281,-1.0200543650516884,0.06481201552681014,-0.7945828666529335,0.011128022146014905,1.7111054642535066,0.07009780391871967
AAG,4.1827056552908815,7.790461902741107e-16,-0.03145872675212078,0.008972567839687307,-0.03382702426137996,4.502576496413557e-07,-4.9442336999903826e-15,0.009627055632931302,-5.016259857296622,0.06338126874185357,5.16494761932858,1.8493886545030435e-31,5.482693853183958,0.005229922551745384,3.225908434042405,0.009263600379267559,-2.9009433375483376,0.12481776815832354,-0.03531811619477443,0.9416168338404773,-0.5621638415915311,0.03323114821111557,1.744651971888148,0.04538862814231147,2.658316058103977,2.995482424110639e-05,-2.146099636811388,0.13822161066781558,0.4371641123466119,0.5661901784238086,-3.870191604160148,0.07611175610924854
AAT,3.3769333790471867,1.6412006326966963e-37,0.01923198036425818,0.0009961854665274897,0.005249962301378702,0.0161143376373196,-1.5670740951727074e-15,0.2623738229267071,0.262835505256124,0.8496866764823414,0.10763482531658941,0.7189869490092384,0.4398137850325572,0.7264616272279913,0.9425065119326339,0.12208137695861386,1.3103189645963447,0.25337892767565506,-1.1233763670378871,1.0890629441512313e-05,0.10550094308376734,0.46878018834189183,-0.9477833221972949,0.05636995265377935,-0.27248753466522846,0.4441202927888548,2.609376468968292,0.00046675664797992674,2.014582257358711,5.378812807583082e-07,-2.071988658597391,0.11860070888205056
ACA,,,0.01943899220679654,7.235088079985318e-11,0.005073362903977537,6.749103542019014e-11,3.1655363525841267,2.205904280403259e-39,-1.0079855915697777,0.2343492501572384,-1.0407993461379879,1.5766965315092842e-08,-1.8466166837827842,0.017322430657821134,0.9814066645487056,0.007647747922217301,2.791538207490376,2.333275606369808e-05,0.4774992657168218,0.0017183189032573569,0.7707585715552691,7.080666478983549e-19,-0.3014379391650923,0.3050390554734259,0.055352837675350486,0.7856756273393358,0.6169779890383689,0.1444507812430353,0.8648739714630409,0.0002701696902558611,0.8039684057518102,0.3028287399234302
ACC,2.891496623041971,6.309366170301372e-30,-0.015671458004473594,9.155087139643902e-07,0.004187046597079195,4.2141502601698267e-07,1.5754398782907516e-16,0.7988785014311718,1.3812511962116325,0.09699676975705146,0.9010958866738217,3.7294098258530127e-07,0.257106104933543,0.7332784765037255,-0.289868015135784,0.47578976582421395,-0.5437287057458846,0.4179437084310773,0.7765940767854984,1.0748207948092897e-06,0.04846086911877934,0.5880466156414974,0.5585562110910494,0.059457778323934465,0.5470892277674944,0.010063654015934047,-0.17311744218837433,0.706498659830503,-0.2274390282401404,0.38072493203552193,-0.344503758229628,0.6613994943437618
ACG,4.888962936559432,1.4436335983628517e-12,-0.00860198173337586,0.33368751902604277,-0.00987032630597608,7.047879945838427e-06,5.0941767280893955e-15,0.014822197004568525,-4.125437681882131,0.08906986176437039,4.103989164319444,1.1571156198095776e-23,8.819692755102825,1.3229666027907741e-06,2.137721997689409,0.06061459295639564,-4.658177619082462,0.007297730495442111,0.8777066814346778,0.04171902532533998,0.06792554027003966,0.7824437279556368,1.7754817744469076,0.022949231586181788,1.3983318953284947,0.016456010503146795,-6.235583245423964,4.830611248868891e-06,-0.6559323190579818,0.3604287150552643,1.3832439934140837,0.4882035864149573
ACT,3.3592141894403227,2.866459440490314e-20,-0.015351294716947031,0.000808525153978579,0.001759001851190517,0.13387836910478437,1.560489755077412e-15,0.02951580151595892,1.9502093335789326,0.09482957040743421,0.4722308176321801,0.06126722868419486,2.084095751366105,0.049680052717544186,-0.30511926963888414,0.5928947730427025,-1.5744207987343906,0.11037677612836057,-1.3236799489568343,3.133831950524977e-08,-0.3423695006847809,0.006195177425873544,0.6180927073251858,0.14086346579735362,0.0459576274207496,0.8807275970451527,1.3772137735023984,0.037047572023839216,0.3749135921399036,0.3070930406754707,-0.0179098955103143,0.9876730741783829
AGC,,,0.0004923529030511388,0.9341073491436067,-0.0009228544109415081,0.5853986552271955,3.5435946261510685,1.3491448478545943e-24,0.24282316668943693,0.8640131886322109,0.9262300352908166,0.001073705093295754,0.5149685442726426,0.676585847735957,-0.48521275440205125,0.46861534991271725,0.883612307909214,0.41974489303503815,0.42485938579370375,0.11527802148745829,0.24147754365149154,0.07885337244643917,0.6757160472534305,0.15952172682849475,0.6141246418468711,0.07856910843987712,-0.3449705580555129,0.654842972248294,0.11086510397339211,0.793922299714088,-0.2608988380723787,0.8370315705175281
AGT,0.3679576684361201,0.5930785007767863,-0.02639963333712413,0.027527881091082597,0.009547013046993543,0.003449939474474392,-9.940023656333042e-16,0.7466957341390972,0.8349996639798647,0.7651682145786819,-0.10002139593494436,0.8694150420793153,2.4114241355104067,0.3527366441406877,2.000362901786097,0.11503150668748625,-3.740178557282105,0.12674389101682648,-1.2528147704274133,0.03497899135145874,-0.3496821937602586,0.21255244042784727,-0.6644087149009406,0.5210061364421323,-0.9268783136410872,0.22641769195479722,0.3239591039508507,0.8369431570900702,0.8587303541271922,0.3138900140563392,0.9724654550284129,0.7266169402186058
ATA,2.7108871422851086,3.6943682352033115e-177,-0.011778286185911382,1.0385791031444297e-05,0.00978356654862332,6.305038639099882e-77,-9.480539931995947e-16,0.002992069077742205,1.778771880472945,0.04680184129667237,-1.283821540160182,1.8349060974310785e-10,0.8352824142931077,0.31617796492284933,0.008481120423493138,0.9834234627618579,1.2906245047017713,0.08738374561854871,0.1789836667262823,0.2588058727956123,0.27033405668229926,0.006816565939733361,-0.5052621530030709,0.12195478605945029,0.28517640471159034,0.1996334927961011,0.7516968721843948,0.09618480311775011,0.41364171139439687,0.10753785341349069,-1.313021796141939,0.12683557597811032
ATC,,,0.00602728096625686,0.03279123104578138,0.0023388181499150555,0.0011726199384039285,3.6788167189845726,3.5421142016103935e-77,-0.12394728776003916,0.8872532820723303,0.1871053216148224,0.3319628235420682,0.017692788429677364,0.982222999371679,-1.2276503518366377,0.0034822763473768446,-0.7787654174858467,0.2528827177931122,1.015328584969467,3.863369583197747e-11,0.6408855740742501,1.0421677537136267e-12,0.8284334285043307,0.005725834542090445,0.6998920758768437,0.0008787792643437714,-0.6978015516380669,0.13011298753022607,-0.5023497211753893,0.07108839429570779,3.6199932754110833,3.1054325786346498e-06
ATG,,,0.013077575671958996,0.0007074044086571217,-0.00402522949120935,1.7773184284018066e-06,4.271978647833357,1.3731265588382547e-233,-3.0403546852215193,0.016665848406653107,2.687712361191898,1.1709180806355837e-34,-0.03559085692287134,0.972180822973646,1.0434633738136012,0.06429146739141599,-0.7373686141949634,0.4121520265736174,0.6081627335195776,0.004557159478800479,0.400861076960745,0.0020610222109639963,1.3560963654529692,0.000692795054863606,0.7421066559142258,0.013976815007430757,-1.0944910600944406,0.0938794951893763,0.4850569759200156,0.19183527069660755,1.8563243214941139,0.07022890157376793
ATT,3.6336521454975372,9.37168676507928e-119,-0.003815806318012269,0.1029796097773636,0.004400546435036543,1.719860390097715e-14,8.708192542992605e-16,0.0013876107868073925,0.8541875069854825,0.2131746850767151,0.38473041093919685,0.013811635122303198,0.5089814693548149,0.42318650252310075,1.2031384187006404,0.00010565431914278108,0.9431468031898049,0.09562619643127107,-0.13644690031036433,0.28271947065731506,0.09434960525333705,0.1953902225129006,-0.05489325610827578,0.8286040078436183,0.02327784507811881,0.8965324644102948,0.9143869615029034,0.013602753117036523,0.7528564671029376,0.0006290916783911133,-1.854063186191027,0.004762881161770027
CAA,,,0.005804228009879897,0.3026412825168996,0.015473018376549297,1.1136549350539776e-09,2.6760251749109774,1.1905453727253571e-26,0.8572057588175426,0.38363647985071325,-0.8326213942815757,0.0001424834010593069,-0.44568497835613385,0.6342255607683657,0.22490698052160507,0.6255006238549605,1.6160364559178113,0.046258674160504415,0.23393854240408363,0.20684176796917175,0.5087749954547236,1.3758170050028793e-07,-0.5577298124555972,0.11514744189272054,0.06656754735468429,0.7868544780713809,0.5311369578033638,0.30864990050990093,0.6170618038779843,0.03603298661676701,-0.1435676821475269,0.8777137391903349
CAC,,,-0.004794255861101774,0.31942319977636424,0.014505354307790517,0.00023489885472284297,2.4436738030829583,4.463762138341375e-09,-0.3609946241902442,0.7300034686516348,0.4146704230788196,0.06692329091034166,0.14178934899943485,0.8783518417502516,-0.2096281371815758,0.6759456357736204,-0.46347161859585384,0.5712817630277189,0.5087151220803543,0.007027987894982317,0.28571292788805147,0.0042065732972688865,0.7049749428752508,0.045354287478477154,0.34934007706101067,0.17874925406820685,-0.11633132557455106,0.8348435080493812,-0.08651381715210604,0.7889875518964373,1.2754104837943387,0.17546474419794245
CAG,4.502404577429882,1.0739138020946107e-14,-0.007226809970076978,0.5836294779866282,-0.01875647763404155,0.0016562275692017017,-1.1478848561098263e-15,0.30946375336756593,-3.425229802486779,0.15438411403254002,4.403855481544323,3.905863321882216e-29,4.03197570660045,0.02655550376798854,1.052506703625085,0.36281796129895316,-4.843064471473745,0.004009801112865029,0.31500543202589326,0.43689023802746396,-0.9699722590433855,9.66329615772839e-06,4.30366340351722,9.139225167117461e-10,1.4934931063929238,0.006689179795657576,-1.8516616017845875,0.1408090385749555,-1.183912062374259,0.07640558521154645,1.1757449408867444,0.5370677138417399
CAT,3.6797265941615853,1.4387862235127074e-08,0.011547870349957183,0.12644687219992165,-0.0023085096690369164,0.7073850736858388,-3.613547667015331e-15,0.0012198908427054457,1.7408071616442484,0.25939369061307815,-0.21563421922964388,0.5490908651221612,0.547022639694946,0.7097388246950761,1.2269516454871,0.09696587263682221,1.9752858910189843,0.12938346507444518,-0.43606221219382657,0.1407679901858493,0.12216260772127696,0.42186580882124014,-1.021983849122213,0.08091702841224725,-0.010651141157924648,0.9790715673230322,1.0718190609042386,0.20470924241067456,0.9855193127999353,0.040479869762219185,-2.305510303405484,0.12628299298665216
CCA,,,-0.0005695450944241467,0.89646759397798,-0.026054020998956415,4.6306300451124506e-24,8.100665678964525,8.896457593956395e-52,-5.698419750065558,2.2810348901618866e-06,-1.0310382344312572,2.753426334095062e-05,-2.0867862341344505,0.035720175256620655,0.6891103684221918,0.14871745605372685,3.396265294634235,4.129198262992741e-05,2.4053992177580055,2.3615982877460554e-35,2.356278072943626,1.2197668958066124e-99,-0.35713812010891455,0.3573489586745675,1.0093908830410978,0.0001157204198494885,-0.17179724825404108,0.7495307501445929,2.1786499757016564,1.0649317165020725e-13,5.410751453457884,8.678229477063518e-09
CCC,-4.0049823516482945,5.459862463623321e-12,0.007063888589804113,0.1221762778252363,0.043839573529732445,5.372904814750926e-56,-7.879832403676116e-16,0.101446881857415,0.9731559011383624,0.2978865102015741,0.9390123962986022,8.119566314581536e-06,2.0153274622230644,0.02079878986192664,1.2193821307091453,0.010393837269368137,-3.6425317794972543,1.2964027242264613e-05,-0.720473665719121,0.0002573340216691112,-1.277654869122058,5.222971578421544e-33,0.21134861598172794,0.5373776929927248,-0.3740789994979732,0.1471249896772636,0.952298673599159,0.07429383359734351,-1.7044970273825821,8.918555612724452e-08,-2.596271190379369,0.005422908667649061
CCG,5.6122176267361565,9.740454560354394e-05,-0.03687581071836544,0.0006832056647805645,-0.022008479829203655,0.0015660721912284447,-3.131823525047857e-15,0.2088054253624917,-6.562689310127352,0.028994930330093312,3.936291853265535,1.741448293332314e-14,3.6022496756508904,0.10652711667744924,2.8327981977557015,0.026559936737417907,-2.6250112204594345,0.20186711658690015,0.32187747986615656,0.5317562869941934,0.13037215260040275,0.6562208746331331,2.8303167663236906,0.0025511626615199673,2.4659279150464424,0.000228736608962383,-2.447559782315793,0.11061743026107114,0.49263641025157057,0.5407185224125008,0.6350074888783439,0.7825836871558427
CCT,2.2318003605238133,0.0021326305165396964,-0.016445557418787185,0.003710569610952187,0.008641902121325703,0.01336190930804766,-5.397628075740062e-15,6.691215144866993e-05,6.185779212825544,6.46981235475871e-08,0.39489752836854464,0.15065550598091926,0.4352483414412376,0.7029859672574523,-0.800916437900673,0.19002675628442178,1.6472263133383116,0.12157493547569581,-1.6928873268865035,7.985726859134725e-11,-0.8506017893960268,1.0402336924781116e-10,0.8652414143325169,0.05881484225424102,0.10692806241259412,0.746939641489752,-0.30107434902656305,0.669266847598792,-0.1606611718245179,0.6830162482449162,-3.5973794371606544,0.0025872714358269613
CGA,,,0.0018335810406503745,0.6960977541193287,-0.0007593659478658601,0.9249053445545077,3.2438996382134944,8.463068374419812e-09,-3.7667976218927635,0.01244793255776103,-0.8564238361416712,0.0070984329371356295,1.383720353053345,0.2721464633191324,0.37053260184143166,0.5981981594148963,0.7870003965952517,0.4815715155424627,0.7474548782152147,0.007814955668747715,0.8441401260870659,2.836735376478182e-09,-0.1972256728576549,0.6998214650128372,0.34754540392679534,0.3142823153558937,0.4512868641014456,0.5412942243012204,0.6384009964968174,0.1200957212970087,2.4942651487882443,0.05339631627269449
CGC,0.07107163806226424,0.9394219770837345,-0.0027513870822705767,0.7548924402067536,0.04061222033506076,0.001963669702418225,2.866830127465913e-15,0.1552160549151585,7.300899305290724,0.001477968795325928,0.5710944327189094,0.28279473430130997,-4.463900972820737,0.04902842086052614,1.0388912093534053,0.39021577063302293,2.4631482221762724,0.22049323418517086,-0.6641646585661977,0.19364727448903385,-0.8574714556687091,0.0004734641635771999,0.9646958065458682,0.27875962125114107,-0.3442963740673721,0.5966967751155096,1.3638974481774782,0.30428962902398027,-0.7450183003433284,0.31340171967708386,-6.556703024733974,0.005464451250424701
CGG,0.42490015428465,0.73382956734773,-0.011778362465121199,0.30086128069817564,0.023324876333794993,0.1891623704864317,1.9816407432112913e-15,0.5453936568849164,0.08923138868066616,0.9781076454705817,4.701989276712844,8.976926691343822e-17,3.045767107850949,0.23472292786843985,1.998421345625772,0.21668281181195148,-3.616431839613,0.11417979526256941,-1.0067860129539814,0.12690041877520733,-0.887098168425473,0.0055443987481721135,1.3307372267271966,0.24111239905921877,1.2602835086982869,0.10674583149163915,-5.324546247722209,0.0032573682934923937,-0.09510680248465186,0.9190177962928673,-1.0715606288117847,0.6900787471240903
CGT,0.47875132975745327,0.6949492056846853,0.011468029581806996,0.2832677816593143,0.029422708590646808,0.08980431167179094,-7.974785381861241e-16,0.2188396706807324,4.94007543688803,0.06937216257122383,-1.0444358953582922,0.129112451723394,0.45127398653631623,0.8686611540720262,-3.3232708756093388,0.03755594629002791,-0.8060677281308912,0.7497874793745353,-0.10400177703717009,0.8666761369801153,-0.3751952741192691,0.21249914712080897,0.4803192195353092,0.6578951689809522,-0.3871721005563711,0.622631719090885,-0.22850684027524748,0.8881001455383626,0.6385616810601165,0.4789586425733988,0.23717149682421024,0.9348039120906231
CTA,,,-0.010378297514623408,0.009296994782042321,0.0005179054076164696,0.0007123852231825516,3.936183381230628,1.5828561087091205e-252,-1.2931555639807435,0.0621955815679815,-0.9829046076521837,4.4694126936156605e-12,-1.957160805064138,0.0013319142409412303,0.21955689514754972,0.4595871885297522,2.4963077435620598,1.130337507244411e-06,1.299038102557032,7.990900470034613e-26,1.3353485257787492,1.4454063776527266e-98,-0.7018146407398276,0.0020744289139046817,0.4986768862865656,0.001668301613395964,-0.2635574106405709,0.4327112159832821,0.8252171891736175,2.2934733922936823e-05,2.460631066802513,4.101728847442953e-05
CTC,1.8523304268849472,8.857911072422847e-35,0.012248617068712608,0.021577890504455993,0.00626850570564464,5.990839929582887e-202,6.54865369115894e-16,0.03573068505614351,0.07174657672503315,0.9254498056161479,0.8441089385601881,4.2215602632052876e-07,2.452875758034601,0.0006047557642449934,0.3249411935193951,0.40720048823172106,-1.459716737491025,0.031246058882722284,0.2665496082198313,0.09868460526787096,-0.28054334458996033,0.00044475403859811554,0.5958288250602495,0.026726963711716716,0.3724209607994027,0.05997684668559639,0.5860100076982491,0.18103980658344065,-0.5060583099448477,0.05765519566354385,-1.415833049706194,0.0760382732587262
CTG,2.7533872347080277,1.6296020286721059e-34,-0.004628780643560464,0.5541022560197999,0.0015521383750101425,4.3085259453022384e-07,-1.7568402040830347e-15,0.035128355889058924,-3.8696652170976513,0.005230379241022364,3.248952514851985,6.671883580176649e-45,3.526202949194987,0.0008093477152820729,2.0189040865029595,0.0007355787740425978,-3.043438282705484,0.001482331413898201,0.6615837879466797,0.0056641615312257925,-0.12054806556196063,0.3332897166324026,1.444482465383456,0.0006098962579649789,0.5593336450640969,0.07648352972289207,-1.7989777698232592,0.009673749339071358,-0.44125825083897974,0.2531719286809123,0.5678153717912195,0.6144947295464938
CTT,4.801908930432198,4.205958388368784e-246,0.012704241145157256,0.010883648890751246,0.001062174790328347,5.184946231395266e-08,5.438267295163153e-16,0.20258613798767944,3.113306477566134,2.604917854872906e-05,0.515807005521498,0.0013128592883652071,0.8227493828210495,0.229184604752402,0.414350270972933,0.24398015356408964,-0.05431454352401843,0.9319464451164011,-1.0522324504657716,1.3110651731949557e-11,-0.5755016708698963,6.367306294227219e-15,1.2324968196736954,3.164240671244941e-06,0.11150725392082528,0.5700866226317117,0.9790716713812779,0.018692459611055718,0.6200363904987412,0.009384807702263204,-1.325367677064257,0.07511150456611156
GAA,,,0.008710440373507334,0.03726610709651262,0.013361428288852437,0.00012923101572613388,2.8744634659545882,1.5384783346960984e-17,2.1306760878610334,0.034346199922953284,-0.8307170974457787,0.00032891574988275826,-1.5122054101868976,0.11675478854670493,-0.04520931704895581,0.9254695805789499,1.58007271011091,0.056322810247985494,0.2103561639190752,0.2859308351143568,0.49816957806473794,3.84908522445112e-07,-0.05404579818877675,0.8820334271267906,0.024667785190622737,0.9234984800048878,0.15927220938010578,0.7680675374986184,0.43650296903410357,0.15694134709959381,0.27692358526440586,0.7770500168360632
GAC,,,-0.0048287865044504275,0.17820329133450308,0.01491628049589223,0.002602738530787263,2.454169560386461,2.8079417200489933e-12,0.8090685055836602,0.5108315214814491,0.10640915313739885,0.6864364996419534,-0.9128068294985958,0.4160782652713294,-0.6039452839556556,0.3066178547939814,-0.32150553672871496,0.7484793837355438,0.5909003698105912,0.008815440135302919,0.3668262708286468,0.00453201484019729,0.4650379250311443,0.2749544776351448,0.29198169533850216,0.3649794345466747,-0.15074543218368675,0.8212433999278667,-0.3030649311262845,0.43304278577938327,2.116013654149455,0.060685258347782677
GAG,2.58397431275208,4.599220670243517e-05,-0.033556166657779996,1.641191115753389e-05,-0.001111267872029545,0.8660585456561192,3.599233402910914e-15,0.00024251229130791842,-7.342935956043744,0.0012767715906177675,3.455169317943778,4.3536247318539216e-21,4.845116710733723,0.002330744028921722,1.7319868362669988,0.07915973694414906,-3.881467149982381,0.009697108046068843,0.23076669929657545,0.5308684318404556,-0.7477455661976293,0.00014450411778564023,1.7218686975743496,0.013653444137967551,0.9044789876784494,0.07429359726446766,0.7726113095853071,0.4860133347516248,-0.1327444260599644,0.8218478986324178,1.0268688519565856,0.5697821970744334
GAT,2.4422001833659612,3.310071993061787e-06,0.01110631100315615,0.04273804858907681,0.01156037943542109,0.1170247309741784,-1.550418417094776e-15,0.14787076389619375,-0.6753794319604971,0.7170038936181692,0.4663548362882708,0.24081456997459239,2.600896135147064,0.1114634245263688,1.9319880440216464,0.01950487588558349,1.2918393507028547,0.4042162265417426,-0.6514829540269239,0.06196882229368513,-0.1374798265509754,0.4804568792701934,-0.42519470566493656,0.5330585238815793,-0.0028326570487902103,0.9955164579172028,0.9779008308648169,0.33046707679174014,1.2087183608735286,0.028386678971432037,-4.143127799280045,0.02041860674038017
GCA,,,-0.0068042690824082624,0.022551567227710255,-0.0010571059320428865,0.14485514925534182,4.281847414560132,2.614028803519247e-75,-1.185534436211146,0.1826199152171495,0.1433746351875171,0.4769603411439284,-0.660793006487463,0.40118289755684056,0.6161326689843012,0.1182594632744609,0.9295105844027916,0.176810878777527,0.7501624344068093,2.6742238036675714e-06,0.7298749548467399,9.743172613539203e-19,0.07457880158941022,0.8058212892676375,0.36118701941927966,0.09791209147220428,0.12441739276984798,0.7851168412744107,1.1334443268587409,1.1160150995890707e-05,1.2654920387933046,0.10739572393934962
GCC,3.035442995502947,1.922169373000833e-48,0.0023696782237810354,0.36809117389927437,0.005313192035000434,6.784327082314733e-16,1.3626122848072393e-15,0.287431295955089,0.6580845354751332,0.3685802058910883,0.1890510573011136,0.27361198118404484,0.11673443022920438,0.8581201858248295,0.0604925050912013,0.861008429689276,1.3878491361164187,0.018097583293713373,0.5109247503768838,0.0002665831886056996,0.22397422128742306,0.0016476798551102094,0.2236737587618176,0.38938292420701703,0.5551483896197862,0.003154982334567875,0.5487829731394864,0.1716000121131639,-0.36987878228159055,0.11205743611671928,-1.0693939796139347,0.10990297355305896
GCG,-2.957152668069724,2.9148465333767673e-05,0.02422728099581143,0.0036432238716336174,0.019234694190416776,3.8649112010202303e-16,-6.570881196158054e-15,2.0389561663162466e-05,-8.021125649283498,0.003181551863528371,3.4237191359423527,9.767890458078509e-12,6.015504501295512,0.0012676581398694921,3.695155075267734,0.00108033962327166,-5.802808051861373,0.001392813317301747,-0.11842891149457357,0.7979956243345206,-0.9756773619384571,9.929881779344838e-05,1.414591123856719,0.08524886888967266,0.7099818223461876,0.258053807313669,-1.6697159350292654,0.23714453064870933,-1.502335539451865,0.054320693554227195,-0.12601287771914826,0.9503292199500554
GCT,3.414806499055153,3.352575915305465e-26,0.007852206137862132,0.06051767731368801,0.0031734564411326337,0.0020363697997914008,6.1552543336296295e-15,1.1314738425832825e-09,4.0774730110554955,0.00016148237581597029,-0.38371873362546327,0.16190596802496382,0.8053004764231826,0.43766430468497486,-0.3661234991268122,0.4936834745130464,-2.1400077801483803,0.0246907453072163,-1.1997284161038744,1.719819278478964e-07,-0.2195330614908071,0.04494985999294613,0.6762604792259213,0.09085785286811389,-0.8025351043998574,0.008187327686657052,0.3830785227224496,0.547346304661897,0.5530832121356934,0.11638489108095872,2.031257392387552,0.06141023487333712
GGA,,,-0.009480506482362386,0.11081632140676556,0.01460789690986408,2.9520917778779875e-12,0.4563625851687796,0.29069233254771176,-2.784531354983212,0.006172776653471107,-1.5050624336212133,9.347855148543631e-11,-1.5236162883318407,0.09218141611080512,-0.6129402232700638,0.1840520607778302,1.1269398945348321,0.14523905312574523,0.8858990154816311,3.0309410288437065e-06,1.0827953060177906,6.758069223132261e-27,-1.0870707809030657,0.0022654064469671015,0.1764239456044372,0.47543204277749584,-0.10696208463890056,0.8312286335565142,1.4690139290532453,3.066544166349161e-07,3.3354736602251407,0.00016147393936894296
GGC,6.560632656267311,2.405782716823122e-38,0.027769772055694503,3.096475611352766e-05,-0.010039733204345636,3.766694019536452e-05,3.2591808070956517e-15,0.005937092564165413,3.5646656724912518,0.000517823327937169,1.190790776196261,2.9777119709960878e-06,-0.6662851988470972,0.4930492889594841,1.0669313461138041,0.04334160237792584,1.035149357113994,0.24271066537445796,0.5143420175273291,0.01816783535534678,-0.06568429388334363,0.5520760118779446,1.797693307678418,4.3498434259686336e-06,1.028663480917631,0.00022270531344492894,0.40139773550790725,0.4968658146168512,-0.929987537463338,0.00464709162745552,-2.377044007085452,0.018668852610236375
GGG,-0.07112157622766624,0.9205855944375407,-0.023330808841541248,0.002509687219480155,0.016737902518623775,1.1610441905383568e-06,-1.2566670904110451e-15,0.14907707369119938,-1.815890083240273,0.23678971921296355,2.4621058852269577,6.102647597351672e-15,4.661605641142399,0.00011290293150308904,0.466129178612535,0.5286117407523137,-2.1693546056662996,0.06274296964600826,-0.9769766946562578,0.0010603236121004636,-0.8783954428197649,6.51627739701893e-09,0.5534709407992553,0.30889314945258006,0.05951784647007052,0.8809229613907359,-0.22348093562162608,0.7828270471288541,-0.256885240462863,0.5646492694062417,-1.9529680660117634,0.1455243043367111
GGT,5.852654035633407,1.4209329580023074e-16,0.015740221520741574,0.10355655682190615,-0.010094929213784607,0.0029668485077359143,4.757386245223411e-16,0.6514278765104233,2.6659756204817064,0.08078562576987747,0.34979729220888856,0.3486863042499906,0.7652863361315578,0.5918502457494782,1.7603147294327506,0.0179995524147573,-1.1345972616023765,0.3897562950575503,-0.4943684209358523,0.12666020654352303,-0.07766383441599656,0.6260755847376147,1.0657167225257251,0.06400805736265344,-0.5364238849071841,0.20356934076485178,0.4786616988313752,0.5752775129069518,0.43470915553014633,0.34471287388907057,0.5752458823526609,0.7030068279163475
GTA,,,0.0034464520804374293,0.28919676936092387,0.005420154840649124,5.2095828296837706e-14,2.5898559202824054,3.345890852486207e-68,-2.1066696745967164,0.05461693540394801,-1.093747480130328,1.624372828133002e-05,-1.0336687262118893,0.2654935820958857,0.582357145216033,0.21865520479320177,0.3497679175395163,0.6654894926046635,0.653420382929286,0.00048596862213105715,1.1798932506273576,3.7712703864036326e-32,-0.9238073620200256,0.010278164125702264,0.24754975994219297,0.33384391557587156,0.07349137640808578,0.8904023473470776,1.5195609501088843,4.446642601613201e-07,3.1417083804699715,0.0006026216347106046
GTC,3.896054822221563,1.6478503075985606e-97,0.014522782806975066,0.000862569597951008,-0.00028843201812721493,0.7624165516190213,-2.5617589218049037e-15,0.026548060566148755,1.6067019001829692,0.20980333676579077,2.285391334059062,2.1301178450507265e-14,-0.2601153715611897,0.8123063771525382,-0.9313298043081439,0.14378134439581608,-0.3288222392034683,0.7396597251358654,0.8148651893729868,0.000451830186688361,-0.03925106862323502,0.7513743110626022,2.178113247394701,3.241440973826576e-07,0.8847564642523285,0.006203219867528211,0.13770105171964353,0.8414978160767829,-1.214639040580085,0.0019426584926384171,-1.2373168404839774,0.27567400576990886
GTG,-0.14866542488431445,0.6394010438649176,-0.024649263650143877,0.0004847195719506895,0.0157030650591848,1.4184256889712787e-21,1.9078177140804934e-15,0.06276980227527124,2.182068453874349,0.3216238846012096,0.7368069892722916,0.11828050019953008,4.151184719829368,0.01189401492117029,0.8501908357512696,0.3835425375920415,-1.1674465718482985,0.4517568421906295,-0.601461776142404,0.12357597148855964,-0.9008938388521812,9.658719582579974e-06,-1.29117492713589,0.10220001268487379,-0.6042852528915663,0.29463909581792513,0.36994260138955326,0.7477761439442646,-1.0809193611481653,0.0876815495263446,-2.7926772969826104,0.11349597347315267
GTT,3.004265229010726,1.051082203333816e-63,-0.006176010145013124,0.12711909673469296,0.005751499070470593,4.5208473649701204e-10,6.581793247588351e-16,0.22868013530055786,2.301740482785693,0.052971462532344735,0.01795139506549631,0.9507574721607339,0.40450557311238633,0.6971573511279677,0.7239091800476355,0.19127541494479738,0.9709513223193085,0.3060177885440992,-0.6395711672365533,0.004720337790094525,-0.532302999934603,3.656648115158697e-06,0.7449548175366134,0.08027874308434262,-0.09997766544552089,0.7505856454690842,0.5470143155412002,0.39992868021888195,0.20478279262497612,0.5700244955398315,-1.6396928174059013,0.12869475571253575
TAC,,,0.016859091705140536,0.00014517189278563653,-0.0027315131318272207,0.36289664023374457,4.181729487315627,6.374532323527079e-43,0.03393377170525014,0.9768560059540718,0.8902760137372994,0.0002616380371802093,-0.7733421536703684,0.4429427259295876,-0.8748162928008592,0.1197699868289433,0.22118252346683676,0.8041751293692586,1.0894009190149374,5.119933865960142e-07,0.6061023709179366,1.2016472979683315e-06,1.3203771767986212,0.0004677100333769739,0.8387514585094493,0.002831977992193879,-0.8513916105396919,0.16571815415618285,-0.36493102644797126,0.2959028651501765,2.04618633662416,0.04489506783687828
TAT,0.5624322841228082,0.13874013446356126,-0.024017521194410224,3.6412153306850933e-06,0.027833112060600504,1.447284834490139e-13,2.8586110182916814e-16,0.7190866008603807,0.6659993866995144,0.6087922342676559,-0.6455422999613609,0.03576341681865212,1.7288505998008272,0.16263973376639151,1.5729234012003772,0.010767178729203672,-0.12402367485900712,0.9125703586705838,-0.9143279185882567,0.0006679133069480151,-0.26352691958959495,0.08668268483655882,-1.4735328226132194,0.004126755733222507,-0.5692523515277941,0.11655139508219121,2.004777341273935,0.005888528423782643,0.9477254667501995,0.017059369081795724,-2.3676379244627768,0.07059447693787992
TCA,,,0.0024000652638725157,0.6869326274495178,-0.020513042963125293,5.020929541688678e-16,4.5665749249543115,1.3797934842914674e-129,-2.154285891603884,0.05830257361247689,-0.2803010803071304,0.2554907368224759,-0.1822513968337951,0.8563272685318073,0.6642789467267542,0.17698546063331977,2.9010426697931955,0.0008717356870580901,0.5185251722464375,0.007494991147443556,0.9619395462910362,1.4612788793208095e-20,-0.6250822362724016,0.10299155903113463,0.5181204091119271,0.04901540005020804,0.23804572795996393,0.6719953223171835,1.5504024610599805,4.594722748437039e-07,0.45614059678226937,0.6488740049566302
TCC,3.4637807036202224,1.5952968585140503e-62,0.003226146679483762,0.6214103724979493,0.01589355606095168,5.452438234197203e-08,3.711800901662608e-15,2.413037667965059e-06,4.314141621969959,2.58661361348621e-05,0.060064072996296014,0.8070698383205183,0.5319911677405269,0.5897869404613776,-0.8350957675049447,0.11668748473280871,-1.4692146785041977,0.10997995555301275,0.17409762249863403,0.4133733607021699,-0.18559901320962313,0.08317804435461101,0.06354806623951692,0.872262262060796,-0.17356375402448077,0.5527778473125384,2.2019572751898018,0.0002084753049669564,-0.9822324138608245,0.0042750163513253425,-0.23631349591043715,0.8236251890595536
TCG,-0.19256685636760135,0.7440647510294549,-0.04654265259227896,0.010380310012137654,0.033987880428862575,7.296638346156817e-05,-3.399037230092131e-15,0.4242139804890237,-7.395797297518953,0.02344801432605758,3.850688433948239,1.681144213686583e-11,3.6831572883492467,0.12322150100029373,2.801693556030421,0.049823191651393324,-6.681129226119651,0.0038453069500100265,0.18430995563626373,0.7491635583278604,-1.0606267123490816,0.00045936058903333434,3.69988436755441,0.00014209427419802821,0.6807693376926407,0.3968889369710308,-1.2184297796657684,0.47487736098308764,-0.7461146053598491,0.4189365270949281,2.009027825434462,0.4475999151513118
TCT,3.1044582920367265,1.3053374672784411e-34,0.006563791821296803,0.4180660394258142,0.018498218792172817,2.5918266896544727e-07,9.422727377606619e-16,0.2716484225490825,1.6016242992164251,0.2148316630306153,0.17520936033208379,0.5556916659450852,0.8659934207273494,0.47603263237720805,0.9148031254420792,0.1438144384673369,-0.8367921135344645,0.4529805558845429,-1.0207652498607866,0.00013534816964037695,-0.4070513061364972,0.001779032238176813,1.181423437702037,0.01196269435975594,-0.1727020587547159,0.629211773709089,-0.4062069012086251,0.5918385150482925,1.1040288000186322,0.006825499455341098,0.10489347809318872,0.9348766770780133
TGA,,,0.0027520116566493724,0.2056712846162151,0.00945996157352913,0.022420054946259153,3.2213374893568396,6.760566934468006e-14,0.6279157171339236,0.4815321409102429,-0.5788402669150412,0.00544446642663637,-0.5681993530539877,0.4957452542186548,0.2072411665803804,0.6213611730171439,1.5354599201422197,0.03503546019829555,0.2304438651626901,0.20666226154409895,0.4945112072240626,3.6337242335760296e-06,-0.12935380160690801,0.6871491061003657,0.16791113680679892,0.4754036358195557,0.19991146160329976,0.6786806816618449,0.5752170548303885,0.03371089522996375,0.45911938144895714,0.5817995120339385
TGC,,,-0.001141170863961179,0.8898751868914758,0.03522666221186035,6.528498330677482e-07,1.6551959507348033,1.348348862704491e-07,0.708138461972414,0.7449337980758598,0.05637914895526319,0.9029713429832886,-2.4274917747461977,0.2178016081848655,-0.37625334732288196,0.7103971036116394,2.1890144555849496,0.19698805985218448,0.4680769615481406,0.22637834193424233,0.38339334566014915,0.06523701917834876,0.6363467130932281,0.39002657067807855,0.23570400609240583,0.6615945666289742,0.5989949481120178,0.599956631270224,-0.30192302819984373,0.6399395169725706,-0.5151839400148148,0.7912311800561693
TGG,2.339158958744771,0.032054755659028024,-0.02183956830012633,0.0001172978355280975,0.0019692389596948877,0.8522935834025774,-1.0966628521670508e-15,0.4140382876756381,-1.2923063552531744,0.5455548156841734,4.028685850406523,4.179972458312656e-21,3.939595104241879,0.02243445256820313,0.621820717661838,0.560310856833217,-5.073239526614344,0.0026007183148758664,0.425794671268132,0.3214212286744944,-1.2014627902082533,5.435465535920975e-06,2.57114625224219,0.00038435122152589144,0.9281707583896806,0.10489265881544331,0.07808659560923203,0.9487901200399129,-1.1861631098752679,0.07635886584078924,-1.5009692091237028,0.43271354215244684
TGT,1.4747163906374736,0.0018381805584699808,0.0028542288966657454,0.8195046052632058,0.03253084385955664,0.002243443656863828,7.28921859689609e-16,0.5867909984338417,-0.5420205920652759,0.8577628320303695,0.2737718817638769,0.6909749789250941,5.8094498157715035,0.03777726273080836,0.8716990506103276,0.5660948970988511,-4.943558602280232,0.06478238433795432,-0.6054121830130551,0.31263505707287376,-0.4063258759972927,0.1929218015980083,-1.0828690342390652,0.35824960080470636,-0.036225951229207354,0.9648405211060583,-0.9330332364970811,0.594763547760483,1.0796731572195175,0.2553189871619356,1.9895679605933836,0.509056721946953
TTA,,,-0.002982595530686777,0.47195742447987366,0.0076952307770076726,5.521938208371652e-208,3.1852789351854343,2.5559779640461762e-154,0.9317378124060269,0.3317234220761789,-0.5944368374059161,0.005684699140147563,-0.15933767202733407,0.8509381381355393,0.2574247167879271,0.5412132081950896,1.898719133843258,0.012918240719094268,0.4307983218651483,0.015875314762726363,0.5437509811572122,2.8513082231079555e-09,-0.13064181258240337,0.7061094745702134,0.19473723310328062,0.44073302790540825,0.7382893852089882,0.14471218760672636,0.5612749123110321,0.034462620493397406,-1.4870372394817934,0.08770841292562964
TTC,,,-0.002694061230300894,0.46566144081731164,0.0033596234606191946,0.008261934136666827,3.439803350685122,3.588893125804832e-33,0.21324964245943434,0.8035949675141143,0.4841334552001795,0.004607543527853784,-1.3212145591906115,0.0739046492900859,-0.23184027716888478,0.5542832998008516,0.7670682765077501,0.22699457741386408,0.8453374081307947,7.573720800601027e-09,0.7513438008716842,4.745802776660911e-22,0.2618631057109031,0.35853648972549057,0.4033168287300066,0.047115008955570394,-0.5821653902958861,0.18294823473132427,-0.0890075192162163,0.724854542921382,1.9377185789459759,0.008038313326515304
TTG,2.508431797213636,3.381461898413431e-19,0.023515077569530723,0.01942367727668167,0.007933247032091388,1.9261421030733395e-39,-7.160639166617877e-16,0.5391646819728975,-5.370931220958678,0.02158449718239179,4.610994519636752,2.216687053736367e-29,4.170135923311376,0.01810554513190786,3.2948276190891415,0.0013168544843944645,-9.071489676968277,1.5497982224500986e-08,0.7163592316411596,0.06453310129688421,-1.1902789734178147,2.1712911630816937e-08,2.4556431925141577,0.0009050609630033211,1.2488353249472959,0.025599046116536357,-2.8475215970268803,0.017829084834073663,-1.1161256069528855,0.07669785823887677,5.607983061398166,0.0014061955085257162
TTT,3.246214144893843,3.383071006931196e-25,0.0030004136232866796,0.45654934066356334,0.006484915098579064,3.199087430263904e-06,-6.9436385586064e-16,0.5719453194295784,0.21707418164799108,0.8050188459240089,0.0753307629017046,0.6949410084784746,1.9702560893382834,0.010963421359929034,0.9958380200712867,0.014756189917309285,-0.36215277858977046,0.6179286857629341,-0.3484577048692905,0.033264620363296825,-0.24835404583811527,0.003357840225974946,0.2783233909344549,0.37939304876445,0.18128574850161971,0.42769148026410053,1.2670307083461294,0.007728028084313707,0.7544596653746982,0.005287427474139379,-1.534419892925122,0.06674283756158818
