Species,Const,Const_pv,TrnaGe,TrnaGe_pv,AAUsage,AAUsage_pv,DummyCognate,DummyCognate_pv,A>T,A>T_pv,A>G,A>G_pv,A>C,A>C_pv,T>A,T>A_pv,T>G,T>G_pv,T>C,T>C_pv,G>A,G>A_pv,G>T,G>T_pv,G>C,G>C_pv,C>A,C>A_pv,C>T,C>T_pv,C>G,C>G_pv
Abudefduf_vaigiensis,,,-0.0035375159879773577,0.45841091718544014,0.003068979605086351,1.0848384117890407e-180,0.7184825856224397,1.082120150775429e-101,0.0,,0.7046406322174957,1.446064565480517e-220,0.23488021073916526,1.4460645654807647e-220,0.11651245840773719,1.4460645654807647e-220,0.11651245840773719,1.4460645654807647e-220,3.1458363770089197,1.446064565481011e-220,4.714764412828177,1.4460645654811757e-220,0.3367688866305843,1.4460645654807647e-220,0.6735377732611686,1.4460645654807647e-220,0.14048073556590046,1.4460645654807647e-220,0.9131247811783558,1.4460645654807647e-220,0.0,
Acheilognathus_macropterus,,,0.0024544202055454024,0.687096646482692,0.0032148981147467524,4.530574263927144e-116,0.5850929019615856,3.6470561449118113e-67,0.05867060318952019,1.1350799973093896e-172,0.6307089842873423,1.1350799973097124e-172,0.05867060318952004,1.1350799973093896e-172,0.2731914747455486,1.1350799973099065e-172,0.04553191245759072,1.1350799973099065e-172,1.001702074067012,1.1350799973095835e-172,5.00317329634736,1.1350799973099065e-172,0.09439949615749688,1.1350799973105526e-172,0.28319848847249196,1.1350799973097124e-172,0.18228868223516706,1.1350799973099065e-172,0.7063686436612727,1.1350799973099065e-172,0.022786085279395685,1.1350799973097124e-172
Acheilognathus_signifer,,,-0.010415553516223027,0.005742834431279731,0.003147219357327577,4.04149822693488e-125,0.46905089695369884,5.532595159970628e-44,0.0,,0.5253458597010893,0.0,0.17511528656702965,0.0,0.3659023692081511,0.0,0.5488535538122263,0.0,2.7442677690611386,0.0,5.634442887827163,0.0,0.9714556703150301,0.0,1.5543290725040453,0.0,0.5794527836315699,0.0,1.738358350894709,0.0,0.3311158763608972,0.0
Acipenser_gueldenstaedtii,,,0.012912887259365263,0.01032245874084337,0.003172653527506757,4.735087329670698e-171,0.7996782098796889,2.9090989567220143e-124,0.13565588169960202,1.0616366760359273e-257,0.8139352901976096,1.0616366760353229e-257,0.0,,0.4511828076499923,1.0616366760348397e-257,0.0,,1.8047312305999665,1.0616366760348397e-257,5.3328328576335196,1.0616366760353229e-257,0.0,,0.761833265376217,1.0616366760353229e-257,0.0,,0.5199298950170139,1.0616366760349602e-257,0.3466199300113423,1.0616366760348397e-257
Alburnus_alburnus,,,-0.0032406786700204665,0.5439069835260524,0.0031417992164405146,3.465344150831279e-139,0.56396151734712,6.728022949641705e-63,0.09391694418305342,6.330107336417151e-193,1.4087541627457898,6.330107336418956e-193,0.09391694418305323,6.330107336417151e-193,0.24907027426924502,6.33010733641499e-193,0.0,,0.4981405485384908,6.33010733641499e-193,4.820467769703241,6.330107336417872e-193,0.0,,0.5671138552592043,6.330107336417872e-193,0.0,,0.5574654153776679,6.330107336417872e-193,0.0,
Amphiprion_ocellaris,,,-0.01165985830530894,0.014236329327741083,0.003029162862674904,6.62144774635099e-188,0.7198838889649406,3.712118469612231e-102,0.095646482718867,2.8029912049423595e-234,0.21404233937618983,2.8029912049449104e-234,0.0,,0.1890686286303192,2.8029912049449104e-234,0.0,,0.40910397171065466,2.8029912049449104e-234,4.222215688290113,2.802991204944592e-234,0.0,,2.8964148216170997,2.802991204944592e-234,0.2474272375039507,2.8029912049449104e-234,0.48138266285945375,2.802991204944592e-234,0.36440495018170155,2.8029912049458674e-234
Anguilla_anguilla,,,0.025881743021245757,2.328143121566384e-06,0.0035160807236296284,2.717429572415551e-137,1.0389729431019996,6.927787971405106e-204,0.03071595576087667,3.145901857840319e-227,0.3897171981142672,3.145901857841035e-227,0.02911758463135458,3.145901857840319e-227,0.28867817539709073,3.145901857839603e-227,0.0,,0.5985536508829795,3.145901857839603e-227,4.966462491635089,3.145901857840319e-227,0.4214798697783885,3.145901857839603e-227,0.31812047686793793,3.145901857839603e-227,0.3437228348916869,3.145901857840319e-227,0.3135145829386042,3.145901857839603e-227,0.0,
Anguilla_australis_australis,,,0.027953773639713325,2.0215160533196437e-06,0.0035981532566212613,1.0695155282871441e-157,1.147402528755209,2.5688010059959745e-242,0.0,,0.10258341108853157,5.260593592848797e-212,0.0,,0.0,,0.0,,1.39970341639427,5.260593592851192e-212,4.236694877956362,5.260593592848797e-212,0.0,,0.0,,0.11664195136618898,5.260593592850593e-212,0.23328390273237856,5.260593592849697e-212,0.0,
Anguilla_australis_schmidti,,,0.027871329801219456,2.184744123997773e-06,0.003598621930793435,7.291371460252758e-157,1.141092925816985,5.025912592264431e-240,0.12241942384079374,5.739309986029621e-212,0.3672582715223787,5.739309986020805e-212,0.0,,0.0,,0.0,,3.3011191963175577,5.739309986026028e-212,4.239672693309807,5.739309986022436e-212,0.0,,0.0,,0.0,,1.3967913912067182,5.739309986026028e-212,0.0,
Anguilla_bicolor_bicolor,,,0.01349677315254813,0.009907445214425058,0.0035499818890722488,4.328365574257845e-159,1.1506192253384244,1.229568598754901e-243,0.03507527910283549,4.343153583159432e-229,0.14030111641134568,4.343153583181179e-229,0.01169175970094502,4.343153583180683e-229,0.17833729569818763,4.34315358318019e-229,0.0,,1.1294695394218552,4.34315358318019e-229,4.384487660092025,4.3431535831787084e-229,0.0,,0.18268698583716764,4.343153583181179e-229,0.11593597178127962,4.343153583181179e-229,0.7342611546147721,4.343153583181179e-229,0.03864532392709277,4.343153583181179e-229
Anguilla_bicolor_pacifica,,,0.014190276695668053,0.008536343587460464,0.0035808375800732923,1.4179135999812593e-159,1.1760887000070643,4.6984187907964254e-253,0.01087310241228398,1.2649106776741875e-212,0.07611171688598639,1.264910677664039e-212,0.0,,0.05430346868103483,1.264910677663463e-212,0.0,,0.21721387472414044,1.2649106776638947e-212,3.8931884535073897,1.264910677663463e-212,0.0,,0.8651529896683088,1.264910677663463e-212,0.0,,0.1536497741489628,1.264910677663679e-212,0.0,
Anguilla_japonica,,,0.02462271191100905,1.956108566795345e-05,0.003552845628601654,1.1453162446874733e-158,1.0878842712231955,1.4454852672735445e-220,0.019516900658583206,1.0366592960829372e-217,0.05855070197575066,1.0366592960848835e-217,0.0,,0.30331844370633504,1.0366592960844119e-217,0.043331206243761355,1.036659296085061e-217,1.2999361873128676,1.036659296085061e-217,4.904083975614067,1.036659296084235e-217,0.47458877183361947,1.0366592960845888e-217,1.740158830056604,1.0366592960847067e-217,0.0,,0.04829148906377115,1.0366592960845888e-217,0.0,
Anguilla_luzonensis,,,0.015584388273096744,0.0017278416483580267,0.0036322449233616326,1.0517366513108212e-159,1.1624940252346634,5.886301773943362e-248,0.0,,0.11014239617795153,9.935554744251281e-269,0.04405695847118031,9.935554744255805e-269,0.0,,0.0,,0.44946881294444263,9.935554744251281e-269,3.7656595932839902,9.935554744251281e-269,0.0,,0.0,,0.125706171309187,9.935554744251281e-269,0.2514123426183734,9.935554744254678e-269,0.0,
Anguilla_malgumora,,,0.014609432862370944,0.0004660370267923086,0.0035722423387365473,6.634228045734933e-169,1.190607022925595,1.629173521544474e-258,0.0,,0.0,,0.0,,0.11992466615353245,0.0,0.11992466615353245,0.0,1.9187946584565259,0.0,4.211988274660666,0.0,0.0,,0.0,,0.649438192092977,0.0,0.23615934257926435,0.0,0.0,
Anguilla_marmorata,,,0.016203696286377398,0.004110463600079129,0.003587499233300171,6.087045518853431e-164,1.19611002843044,1.8846863369790664e-260,0.021312206865178526,4.483520469536008e-202,0.15628951701131089,4.48352046954009e-202,0.0,,0.09301777104121187,4.483520469540601e-202,0.031005923680403415,4.483520469543407e-202,0.46508885520605847,4.48352046954213e-202,4.033054725460537,4.4835204695426405e-202,0.29874479447855806,4.483520469545449e-202,0.14937239723927936,4.483520469543407e-202,0.04295775299010504,4.483520469543407e-202,0.1718310119604222,4.483520469544682e-202,0.0,
Anguilla_rostrata,,,0.023185209076412312,6.834852638298844e-06,0.0034938217581912583,4.0741336118915774e-142,1.035668032936453,1.1861443616590493e-202,0.03535578802058831,9.67216257856231e-245,0.31159427381534455,9.672162578522688e-245,0.0,,0.11312135866199002,9.672162578516083e-245,0.0,,0.4827777373803427,9.672162578518285e-245,3.998090551526774,9.672162578521584e-245,0.0,,0.0,,0.0,,0.0,,0.0,
Apteronotus_albifrons,,,0.013242738176424407,0.0663800173660008,0.0031846268440034785,2.8783360453609956e-145,0.7964157941651684,1.0300822648195728e-123,0.09089127628585726,1.6977663477166256e-136,0.18178255257171405,1.697766347716433e-136,0.09089127628585739,1.6977663477153692e-136,0.21965391769082165,1.6977663477153692e-136,0.0,,1.0982695884541094,1.697766347716433e-136,4.576123285225446,1.697766347715853e-136,0.0,,0.0,,0.04154866034504785,1.6977663477155634e-136,0.4985839241405787,1.6977663477153692e-136,0.0,
Auxis_rochei,,,-0.013489609384808504,0.0006185744235000742,0.003069513722556774,2.3832943632592574e-210,0.8210921647490164,2.404866883781671e-130,0.05182210271315375,7.417175705535901e-286,0.9337067019622999,7.4171757055080525e-286,0.02089846813230828,7.417175705503834e-286,0.3579613221844142,7.417175705506365e-286,0.0,,1.3663002317375903,7.4171757055080525e-286,4.516288227555748,7.417175705510583e-286,0.08123773847413703,7.417175705502144e-286,0.1412995064526824,7.4171757055080525e-286,0.0812207486469253,7.417175705510583e-286,1.0728243846677548,7.4171757055080525e-286,0.02331809815637601,7.4171757055080525e-286
Auxis_thazard,,,-0.013406018843747203,0.000691872607350772,0.00303868305813322,8.797814950804185e-216,0.8032664793043685,5.105802249315574e-125,0.0,,0.5252812328190921,4.813223105394381e-288,0.0,,0.41624719733872606,4.8132231053949295e-288,0.20812359866936303,4.8132231053949295e-288,1.248741592016179,4.813223105392738e-288,4.50460686485836,4.813223105394381e-288,0.5005118738731519,4.813223105392738e-288,0.0,,0.09447968153222455,4.813223105392738e-288,0.5668780891933479,4.8132231053949295e-288,0.0,
Barbatula_toni,,,0.01794106188627606,1.4548091228452028e-06,0.003227431648074885,6.756523919244463e-137,0.5648134305062356,3.117927730287663e-63,0.03903005729409617,0.0,0.9367213750583352,0.0,0.03903005729409632,0.0,0.507944362657224,0.0,0.10158887253144362,0.0,3.2508439210062274,0.0,5.456773724546169,0.0,0.22736557185609008,0.0,0.45473114371218104,0.0,0.47746770089778984,0.0,0.2604369277624313,0.0,0.13021846388121497,0.0
Barbus_barbus,,,-0.004841308496005947,0.39692241141508333,0.003334862614193591,5.28511509099261e-164,0.9254133976915584,5.4629298934872156e-164,0.0,,0.5475550645680596,6.138510638015653e-154,0.0,,0.0,,0.0,,0.2884795780479588,6.138510638017049e-154,3.665737063845115,6.138510638018099e-154,0.0,,0.0,,0.07068780764717658,6.138510638017049e-154,0.21206342294152974,6.138510638017049e-154,0.0,
Beryx_splendens,,,0.0015900058538695083,0.6893540950316321,0.002994761782031772,6.124322138760664e-204,0.7243101046809541,4.0918580992784783e-103,0.062469589159047115,0.0,0.3123479457952401,0.0,0.0,,0.17866949852743286,0.0,0.0,,0.7146779941097303,0.0,4.537264896815066,0.0,0.0,,1.814905958726024,0.0,0.06481806995450051,0.0,0.06481806995450051,0.0,0.0,
Biwia_zezera,,,-0.007608924192418612,0.13508621364667928,0.0033231088651618805,1.736010314886358e-129,0.6940213958826229,4.436039339892789e-94,0.04411867077104078,1.0114872824436994e-173,0.9264920861918643,1.0114872824435841e-173,0.1764746830841649,1.0114872824436994e-173,0.3073951638103778,1.0114872824439872e-173,0.0,,1.229580655241516,1.0114872824436994e-173,5.0420865914140425,1.01148728244416e-173,0.265372978495476,1.0114872824442752e-173,0.265372978495476,1.0114872824442752e-173,0.4996797267862634,1.011487282443872e-173,1.1992313442870306,1.011487282443872e-173,0.0,
Campostoma_anomalum,,,0.01321517212330598,0.003675065829881021,0.003070492153503901,2.2278081192625994e-113,0.4073760743985424,2.1574063532816155e-33,0.09646794995068786,0.0,1.3666292909680684,0.0,0.08038995829223926,0.0,0.3639251675605484,0.0,0.1455700670242196,0.0,1.819625837802748,0.0,6.116878681915184,0.0,0.16991329671986583,0.0,0.9062042491726202,0.0,0.3236443747045067,0.0,0.8091109367612669,0.0,0.2831888278664434,0.0
Carassius_auratus,,,-0.0169083557921094,0.004575587339339726,0.0033982388815452995,9.33597514799327e-161,0.9362782482013321,7.104004213990535e-168,0.03434768759033931,7.194018271121923e-115,0.2821761774726931,7.194018271113727e-115,0.07473285391790777,7.194018271118645e-115,0.1848753975797367,7.194018271116186e-115,0.03982503120963884,7.194018271114547e-115,1.0837945417328207,7.194018271117008e-115,4.074285289711781,7.194018271116186e-115,0.13146789221879335,7.194018271116186e-115,0.28010850849104946,7.194018271116186e-115,0.19520105117848,7.194018271116186e-115,0.43507343020224043,7.194018271117826e-115,0.031035172070326442,7.194018271116186e-115
Carassius_auratus_auratus,,,-0.013408056061226144,0.015892139576220512,0.003439371260410291,3.379673427133511e-160,0.9532155947151004,1.4299459443287904e-173,0.010386998432163112,3.4453245400765174e-128,0.19110353206696132,3.4453245400924085e-128,0.031232173149904185,3.4453245400924085e-128,0.01249430598648656,3.4453245400916233e-128,0.0,,0.5465690567180145,3.4453245400928e-128,3.476323569811736,3.445324540092016e-128,0.02385393747938408,3.4453245400928e-128,0.02385393747938408,3.4453245400928e-128,0.10855588590647525,3.4453245400916233e-128,0.18313073972341287,3.445324540092016e-128,0.0,
Carassius_carassius,,,-0.013768668515357595,0.02114114847664407,0.0034155960648916137,5.560084849339655e-162,0.9579211592170644,3.27768226510862e-175,0.036677828247370106,6.529137770894787e-116,0.1395936300083699,6.529137770886606e-116,0.053648892983902165,6.529137770885121e-116,0.24034244267117338,6.529137770885121e-116,0.0,,0.8840545544361477,6.529137770885121e-116,3.9190668056338196,6.529137770886606e-116,0.13503615962115545,6.529137770887351e-116,0.0,,0.11036189699914767,6.529137770886606e-116,0.5833241324595296,6.529137770885121e-116,0.03937173097548309,6.529137770885862e-116
Carassius_cuvieri,,,-0.008801032105466032,0.13423012015018876,0.0034129433274348716,1.978935297607701e-157,0.9010911471446144,2.202821661620028e-156,0.030151182598599377,1.5371101250414992e-130,0.15130943076847667,1.5371101250431624e-130,0.07615027726657589,1.537110125042987e-130,0.2306347379203944,1.537110125042462e-130,0.017682171491537824,1.537110125042462e-130,0.5644652591694096,1.537110125042637e-130,3.9341624549449645,1.537110125042462e-130,0.02105542204453504,1.5371101250428122e-130,0.07758024696684865,1.5371101250428122e-130,0.15207172648024622,1.537110125042637e-130,0.40939349328055313,1.537110125042637e-130,0.021729714810025037,1.537110125042462e-130
Carpiodes_carpio,,,-0.009278366843422245,0.058510170798655496,0.0032717310795112925,1.758415677968888e-143,0.7076444262666362,1.4441886135034376e-98,0.0,,1.1977062636776947,2.2788665480370882e-176,0.0,,0.0,,0.0,,1.6049263933281066,2.278866548037477e-176,4.281645283405453,2.278866548037477e-176,0.0,,0.0,,0.0,,0.3789239770995533,2.278866548037477e-176,0.1894619885497767,2.278866548037477e-176
Clupea_harengus,,,0.0009297386132739831,0.8130419530507377,0.0030871855795056584,2.019035155903567e-147,0.4986544626315941,1.6492104750990044e-49,0.05294924431432695,2.2729234468494263e-294,2.053878906782595,2.2729234468496853e-294,0.04049064863187578,2.272923446850978e-294,0.09764844345065299,2.272923446850978e-294,0.0246086222813972,2.2729234468507196e-294,1.0119658091387569,2.2729234468507196e-294,5.111010627689476,2.2729234468517532e-294,0.12136452842968845,2.2729234468507196e-294,0.44978128377545423,2.2729234468507196e-294,0.1398595457467432,2.2729234468496853e-294,0.4640726985858027,2.272923446850978e-294,0.17017273942407382,2.272923446850978e-294
Clupea_pallasii,,,-0.0010887550494962754,0.7690263884884889,0.0030925354626290032,8.642084523860921e-144,0.5028492316182929,2.6821243839943855e-50,0.15266140804975323,8.939176360528217e-295,3.694406074804025,8.939176360519066e-295,0.21372597126965517,8.939176360519066e-295,0.05405729510185333,8.939176360528217e-295,0.05405729510185333,8.939176360528217e-295,1.2973750824444796,8.939176360522117e-295,4.970165730290189,8.939176360519066e-295,0.18874047077051373,8.939176360527202e-295,1.0695293343662426,8.939176360522117e-295,0.39425787227618275,8.939176360527202e-295,0.5913868084142755,8.939176360522117e-295,0.29569340420713774,8.939176360522117e-295
Cobitis_sinensis,,,0.016247055188156417,0.0002533986328189636,0.0030170474898277744,1.4570289829843924e-90,0.51526223496061,1.5094856993939042e-52,0.2888128002126945,1.0262997350285112e-302,0.6859304005051505,1.0262997350288614e-302,0.1083048000797604,1.026299735029095e-302,2.185939079624012,1.0262997350288614e-302,0.34975025273984195,1.0262997350288614e-302,2.448251769178894,1.0262997350288614e-302,6.392657397300434,1.026299735029095e-302,0.3044122570143064,1.026299735029095e-302,0.0,,1.304623958632741,1.0262997350288614e-302,1.7612423441541947,1.026299735029095e-302,0.13046239586327324,1.0262997350285112e-302
Cobitis_striata,,,0.017361134591738114,0.0009002727684260163,0.0031368708490929096,2.10739784732657e-117,0.4671495537702146,1.0727651987095524e-43,0.2364962237233602,2.0980208502940075e-253,0.5202916921913924,2.0980208502940075e-253,0.2837954684680317,2.0980208502940075e-253,0.5657599984298186,2.0980208502935305e-253,0.07071999980372688,2.0980208502940075e-253,1.6619199953875934,2.098020850294247e-253,5.9597048378286805,2.0980208502935305e-253,0.21284660135102365,2.0980208502935305e-253,0.21284660135102365,2.0980208502935305e-253,0.4204449303399681,2.0980208502928145e-253,1.0511123258499204,2.0980208502928145e-253,0.030031780738569092,2.0980208502935305e-253
Coregonus_lavaretus,,,-0.016812735880684083,9.105598214823933e-06,0.0029214600047339223,2.992183418897222e-158,0.4438399383672478,2.060356733446458e-39,0.06147729273763548,0.0,0.6806049680177599,0.0,0.09469771267720542,0.0,0.356093104421156,0.0,0.05824048685209378,0.0,0.7962180284822413,0.0,4.98428238165106,0.0,0.4171640566116548,0.0,0.5180421110052296,0.0,0.27130054701984524,0.0,0.5890749338679483,0.0,0.13487827368473296,0.0
Coreoleuciscus_splendidus,,,0.004632454909989064,0.3907609555404903,0.0034333183348171236,5.4601105034931475e-121,0.707576793238611,1.2731572040012068e-98,0.053520116751853496,3.6682919757366875e-187,0.28381647383587316,3.6682919757404455e-187,0.07412288776919194,3.6682919757404455e-187,0.2587304709190899,3.668291975738776e-187,0.010707167796765206,3.6682919757398204e-187,0.9478087802853985,3.6682919757404455e-187,4.808545150910025,3.6682919757398204e-187,0.0,,0.3973760207372037,3.668291975741072e-187,0.21890763505009636,3.6682919757404455e-187,0.6672161699837423,3.668291975739401e-187,0.05811576756979832,3.6682919757398204e-187
Coreoperca_kawamebari,,,-0.010873441548218907,0.015468160948081757,0.002884425671391397,1.2623402057284135e-167,0.3345659203516713,7.522204756476951e-23,0.15829045532386424,4.200287673329106e-309,0.21105394043181927,4.200287673327663e-309,0.05276348510795378,4.200287673326714e-309,0.26456057321735066,4.200287673329106e-309,0.33070071652168803,4.200287673327663e-309,2.0503444424344694,4.200287673329106e-309,5.154091655057533,4.200287673326714e-309,0.6872122206743367,4.200287673326714e-309,1.030818331011502,4.200287673326714e-309,0.12430456344550486,4.200287673326714e-309,0.207174272409175,4.200287673326714e-309,0.0,
Ctenopharyngodon_idella,,,-0.002140186146966867,0.6240641872282022,0.003525964396586114,4.731449540867743e-151,0.9677506323534864,3.8966652460610746e-178,0.042652381872944255,1.5190207047640349e-248,0.11460000610329908,1.5190207047588499e-248,0.03501486486161999,1.5190207047585037e-248,0.37557024868745703,1.5190207047595406e-248,0.0411568432778452,1.5190207047593683e-248,1.5082791407420935,1.5190207047600594e-248,4.5090212818138555,1.5190207047593683e-248,0.03621274617646841,1.5190207047579853e-248,0.2903504271198794,1.5190207047579853e-248,0.31415041921599784,1.5190207047595406e-248,0.8290841952226096,1.5190207047593683e-248,0.07108040996143482,1.5190207047600594e-248
Culter_alburnus,,,0.004886380440298516,0.3223514953511356,0.0033830238227974155,2.3606667218079476e-169,1.001619375582256,5.735845426638848e-190,0.030789774204653106,1.048748097933923e-213,0.4662364214454514,1.0487480979326095e-213,0.01705963141020372,1.0487480979321326e-213,0.12993129101082948,1.048748097932431e-213,0.0,,0.5802260734989771,1.0487480979326095e-213,4.060259880582947,1.0487480979321326e-213,0.0,,0.0,,0.05604399387481343,1.0487480979323118e-213,0.35472041196032605,1.048748097932431e-213,0.0,
Cyprinella_lutrensis,,,0.008666266581351858,0.03934863480692543,0.0031452102649392687,9.767579382852164e-112,0.47191436522406627,1.7563794771004112e-44,0.17509965462821753,4.44051198136997e-294,2.0889483986744546,4.440511981366437e-294,0.3200294075701801,4.440511981366437e-294,0.3008814071924238,4.44051198136492e-294,0.17243304892641353,4.440511981363403e-294,1.6842442875107893,4.440511981366437e-294,6.136085566847975,4.440511981363403e-294,0.3032584885563078,4.440511981366437e-294,1.3051752253093696,4.440511981366437e-294,0.22874626390530686,4.440511981363909e-294,0.7699219218797634,4.440511981363909e-294,0.35431920425591135,4.44051198136492e-294
Cyprinella_spiloptera,,,-0.0006213195802392685,0.9065682695628003,0.003082352534241314,3.635127575837636e-115,0.4047100030395432,6.74250801934674e-33,0.0,,1.4446906133108348,3.515885392464784e-197,0.0,,0.0,,0.2931256316862561,3.515885392464784e-197,0.2931256316862561,3.515885392464784e-197,4.4237003848171845,3.5158853924653863e-197,0.0,,0.0,,0.0,,0.16887199205046322,3.5158853924641857e-197,0.0,
Cyprinodon_rubrofluviatilis,,,-0.013697652161175453,0.0010033107649062667,0.0028396079184132093,1.4231940285742755e-162,0.3402475505974081,1.4996800707917496e-23,0.39615998779689826,2.7233963387968932e-275,1.9807999389844932,2.7233963387968932e-275,0.0,,1.5563428092020994,2.723396338796583e-275,0.6225371236808404,2.7233963387956528e-275,2.1788799328829462,2.723396338795034e-275,5.546239829156579,2.7233963387956528e-275,0.0,,0.0,,0.5501780992850709,2.7233963387968932e-275,0.733570799046761,2.7233963387968932e-275,0.36678539952338046,2.7233963387968932e-275
Danio_rerio,,,-0.012335119110653242,0.0070746732828575395,0.0037603370831717038,5.1328516157029315e-115,0.8288570011323237,1.930080682783657e-133,0.04533915309049072,6.705321182564102e-198,0.3812788628248627,6.70532118256601e-198,0.018146659189209245,6.70532118256601e-198,0.10054119795161134,6.70532118256792e-198,0.025135299487902836,6.70532118256792e-198,0.7162507416448147,6.705321182567155e-198,4.205350047125195,6.70532118256792e-198,0.10285426232166364,6.705321182570206e-198,0.2571356558041597,6.705321182569064e-198,0.20964745301672472,6.70532118256792e-198,0.7227309826760695,6.705321182567155e-198,0.07861779488127199,6.70532118256601e-198
Distoechodon_tumirostris,,,-0.0038113187990873806,0.44005664125903465,0.003359851118713464,6.437716733690602e-172,0.9757593508665767,7.048133544347273e-181,0.0,,1.9395153454241527,1.357138312040722e-197,0.0,,0.0,,0.0,,2.37421579639083,1.357138312040953e-197,4.074271551831177,1.35713831204134e-197,0.0,,0.0,,0.0,,1.9336874747948767,1.35713831204134e-197,0.0,
Elassoma_zonatum,,,0.011162175676319996,0.015003810064941028,0.0033337043110646426,2.378778864831743e-115,0.48604108853142947,2.7280471777326407e-47,0.10898836349646474,0.0,0.7013164259772489,0.0,0.1705904819944656,0.0,0.12803976343588666,0.0,0.05690656152706007,0.0,1.1025646295868008,0.0,5.547681930859559,0.0,0.19884164626736706,0.0,0.556756609548629,0.0,0.25302609407780235,0.0,0.9896131679487391,0.0,0.1293244480842099,0.0
Engraulis_encrasicolus,,,0.005135511971793419,0.19505738792124905,0.0032973036595536982,8.142933593442184e-145,0.5950990242894831,4.4823806520098576e-70,0.2677795030655069,0.0,1.8744565214585471,0.0,0.0,,0.16536444342778556,0.0,0.0,,0.9921866605667113,0.0,5.447329335508483,0.0,0.0,,0.8380506670013061,0.0,0.0,,1.2532080743465646,0.0,0.41773602478218996,0.0
Epinephelus_akaara,,,-0.00039682945459651106,0.929702473566442,0.002967164289345341,1.4068144747515418e-163,0.590160740129031,5.957138879405267e-69,0.44461579059385936,0.0,0.37948335466809063,0.0,0.34744934028546637,0.0,1.1245991379857796,0.0,0.15913087424871736,0.0,2.4934697931714873,0.0,5.733755297816125,0.0,0.48853760736146057,0.0,0.5899945561111178,0.0,0.5449062173866415,0.0,2.559270454880734,0.0,0.11817876991662019,0.0
Erpetoichthys_calabaricus,,,-0.024447662400205183,9.972924223051374e-08,0.003687286142157016,2.3539719765812497e-100,0.5480348498535401,3.4078841655992794e-60,0.07179711834595409,9.600449662432444e-294,0.426061844416975,9.60044966242698e-294,0.02088118798556269,9.60044966242152e-294,0.16252414571711774,9.600449662424794e-294,0.06971675539806464,9.60044966242698e-294,0.5071058708105849,9.60044966242698e-294,4.295956617110196,9.60044966242698e-294,0.14006782378020172,9.60044966242152e-294,0.15674811781162773,9.60044966242698e-294,0.35773691203185204,9.60044966242698e-294,1.6819241815135577,9.60044966242698e-294,0.0,
Esox_lucius,,,-0.001544570395255393,0.7090111222651567,0.003092034494784207,5.914973611543819e-138,0.4264819442911403,1.8104101067658674e-36,0.1863055964826575,0.0,0.34098331316031283,0.0,0.26082783507571966,0.0,0.6351198027996434,0.0,0.21170660093321494,0.0,0.6773629607567119,0.0,5.5506030271633815,0.0,0.2915364740760107,0.0,1.3427857774519643,0.0,0.36603635795463163,0.0,0.5768678667038714,0.0,0.03913886579370758,0.0
Exocoetus_volitans,,,-0.032181526396010435,3.487331110606925e-13,0.0031057592334395364,2.2204907878927623e-144,0.5542998373929255,8.401034241681697e-61,0.06185940424617783,1.1385987945495365e-209,0.40595234036553957,1.1385987945490182e-209,0.02706348935770258,1.1385987945492121e-209,0.07270569117455986,1.1385987945497305e-209,0.0,,0.5485974879534989,1.1385987945490182e-209,3.744587074319293,1.1385987945488238e-209,0.02431550048259238,1.138598794548694e-209,0.12157750241296407,1.1385987945497305e-209,0.04342294391114784,1.1385987945490182e-209,0.4404327168130721,1.1385987945488238e-209,0.012406555403185106,1.1385987945490182e-209
Fundulus_heteroclitus,,,-0.00879695797128438,0.007646034467224661,0.0033199174840782527,3.0647187277505953e-89,0.3166126798689082,9.229841845396516e-21,0.33717631046431795,0.0,0.790153909696147,0.0,0.46389824131619695,0.0,0.3780070464597407,0.0,0.19941445315639134,0.0,1.4155404707315906,0.0,5.77855454339306,0.0,0.3104125489951961,0.0,0.6319561437033497,0.0,0.6659235976418821,0.0,1.8652062128212532,0.0,0.0379403601994726,0.0
Fundulus_olivaceus,,,-0.0013830090333178287,0.6917555570515904,0.0031406248895328925,3.113956088513225e-105,0.32710011805397077,4.440658297446149e-22,0.1282009684387286,0.0,0.7905726387054912,0.0,0.14956779651184962,0.0,0.13132415023515154,0.0,0.06566207511757577,0.0,0.8754943349010076,0.0,5.165444141858499,0.0,0.0,,0.3756686648624366,0.0,0.21041685370406324,0.0,0.7514887632287975,0.0,0.030059550529151657,0.0
Gadus_morhua,,,0.002206249280582613,0.5130098905164867,0.0030677541109109495,6.526261820410481e-112,0.3658361686682834,3.70194395624284e-27,0.0,,0.62622761362006,0.0,0.030933929421482584,0.0,0.06957348577697378,0.0,0.048437613377908854,0.0,0.32261010672374185,0.0,4.73024398981307,0.0,0.15272878344015972,0.0,0.3055610454606519,0.0,0.03515688353636033,0.0,0.5298129087896527,0.0,0.04313832513046513,0.0
Galaxias_maculatus,,,0.002679455251970095,0.46913772478520255,0.002761814292137535,1.3185143285469807e-87,-0.11552701418390288,0.0013360460104070435,0.0,,1.6527722114616021,0.0,0.1101848140974391,0.0,0.13722650839974218,0.0,0.2058397625996142,0.0,3.6365024725931647,0.0,6.285710871330468,0.0,0.8799995219862664,0.0,2.5142843485321924,0.0,0.23317118335972703,0.0,1.4767508279449444,0.0,1.0104084612254876,0.0
Gila_robusta,,,0.004046704514268619,0.41555388677847316,0.003176109148378837,1.466926561042819e-116,0.5857023717302752,4.963835207429513e-68,0.0,,0.8083870835541747,2.447040132660689e-196,0.0,,1.564751267814764,2.447040132659575e-196,0.44707179080421944,2.447040132660689e-196,2.011823058618984,2.447040132661386e-196,5.351821895752173,2.447040132660689e-196,0.0,,0.0,,0.0,,2.032337428766646,2.447040132660689e-196,0.0,
Gnathopogon_elongatus,,,-0.008918209704078889,0.0862188625147208,0.0033202586842367332,2.7437848696976188e-130,0.6872010339452375,2.5529673750072022e-92,0.0,,0.4879184328319013,5.162359461017214e-172,0.0,,0.0,,0.0,,0.4420047600794608,5.162359461015746e-172,4.0347101176484115,5.162359461015159e-172,0.0,,0.0,,0.2583804508838885,5.1623594610180966e-172,0.5167609017677768,5.162359461015746e-172,0.0,
Gobio_gobio,,,-0.013271967601125666,0.03820829606037015,0.003205248961352253,4.797538835098015e-136,0.6474714539536297,1.5033602633007393e-82,0.1607046478081496,1.5269999983303832e-119,0.932086957287271,1.5269999983305563e-119,0.09642278868488982,1.5269999983300346e-119,0.1231492964207259,1.5269999983300346e-119,0.061574648210362425,1.5269999983303832e-119,0.6157464821036273,1.526999998330208e-119,4.878080463776508,1.5269999983307302e-119,0.10604522747340224,1.5269999983307302e-119,0.8483618197872197,1.5269999983303832e-119,0.37295689228094864,1.5269999983303832e-119,0.7459137845618973,1.5269999983303832e-119,0.13985883460535534,1.5269999983303832e-119
Gymnocypris_przewalskii,,,-0.01593262562438504,0.0005772405321962739,0.00322472515743325,2.301084307206025e-125,0.5382825979238401,1.7391817045942521e-57,0.20198896816059023,1.0598858742579523e-204,1.2426677045191643,1.0598858742579523e-204,0.10099448408029446,1.0598858742577717e-204,0.47412060567700054,1.0598858742577717e-204,0.23706030283850077,1.0598858742581336e-204,1.1647546625019447,1.0598858742577717e-204,5.0812183636466575,1.0598858742574704e-204,0.0,,0.4245890555212404,1.059885874257651e-204,0.1863916971550153,1.0598858742577717e-204,1.6775252743951423,1.059885874257651e-204,0.18639169715501525,1.059885874257651e-204
Hippocampus_kuda,,,0.003183081678966207,0.5005797176777781,0.003800464681015595,1.233556049436887e-108,0.765610366913759,8.647591589293516e-115,0.05213353129981003,1.7382744606691595e-280,0.4692017816982941,1.738274460668764e-280,0.0,,0.2062328148192843,1.7382744606691595e-280,0.0,,0.7218148518674946,1.7382744606681706e-280,4.338254568877089,1.738274460668764e-280,0.0,,0.0,,0.13898298389995237,1.738274460668764e-280,0.5559319355998095,1.738274460668764e-280,0.0,
Hippoglossus_hippoglossus,,,-0.01618814460438414,0.0012772450518602097,0.003058484409669545,1.057925269991602e-157,0.4960706450500514,4.563338436196424e-49,0.0,,1.381141451247636,1.0221357551109024e-207,0.18965921695247517,1.022135755111019e-207,0.0,,0.0,,0.2356565382537294,1.0221357551114844e-207,4.140975870257828,1.0221357551111932e-207,0.0,,0.0,,0.1728664737848078,1.0221357551109024e-207,0.36252569073728286,1.022135755111019e-207,0.0,
Hippoglossus_stenolepis,,,-0.01220311227682419,0.011000510621800734,0.0030748569139791506,7.178962410974148e-157,0.5100203839853528,8.76134900499153e-52,0.14525590927599857,1.1295066002582295e-230,1.1508775023787159,1.1295066002588725e-230,0.0,,0.23352341177969932,1.1295066002596432e-230,0.0,,1.4828693026775257,1.129506600258487e-230,4.985685510177211,1.1295066002591297e-230,1.3710084175453325,1.1295066002588725e-230,0.0,,0.0,,0.8632258364239898,1.1295066002588725e-230,0.0,
Hypophthalmichthys_molitrix,,,0.006922149811054226,0.09066610294160397,0.0033872831551809116,3.005228348048222e-175,1.014629673058551,1.865711874317412e-194,0.03348235860396793,5.0202223245888777e-290,0.2754423871801653,5.020222324597444e-290,0.05582518705161508,5.0202223245980167e-290,0.07519691975144273,5.0202223245980167e-290,0.0,,1.1464736448122004,5.0202223245934483e-290,4.229565600977111,5.020222324597444e-290,0.027632422885361996,5.020222324597444e-290,0.0,,0.050238431373099475,5.02022232459516e-290,0.4707290564043119,5.020222324597444e-290,0.04329068538837652,5.0202223245945915e-290
Hypophthalmichthys_nobilis,,,0.0030241766736048663,0.505049309298624,0.003372976661869597,5.05977404169049e-175,1.0153578278934767,1.2355369037666175e-194,0.023334757492969812,2.2645158544602766e-235,0.44896716384199975,2.2645158544646566e-235,0.06064777212882929,2.2645158544643993e-235,0.2870900750442482,2.2645158544628535e-235,0.0,,1.0563288120670016,2.2645158544643993e-235,4.395039285716356,2.2645158544636262e-235,0.0,,0.0,,0.1062502671065917,2.2645158544636262e-235,0.7998344627415344,2.264515854463112e-235,0.0,
Ictiobus_bubalus,,,-0.029110944240120895,9.69300575485304e-10,0.0033475045744802544,3.7813028715651806e-166,0.8416521797267627,4.2586733584185233e-137,0.0,,0.28276983066698486,1.243834373331999e-134,0.0,,0.0,,0.0,,0.6738121447725481,1.243834373331786e-134,3.121796862855588,1.243834373331786e-134,0.0,,0.0,,0.0,,0.07117235557687521,1.2438343733322817e-134,0.0,
Larimichthys_polyactis,,,0.02163158314451576,1.4957764273053388e-07,0.003057952059410341,8.484951932540603e-208,0.53452054461368,6.151138286968947e-57,0.014545587601287376,0.0,0.7127337924631263,0.0,0.0872735256077291,0.0,0.03244767095503246,0.0,0.0,,1.8170695734818576,0.0,5.409234519394078,0.0,0.06934916050505197,0.0,0.48544412353536626,0.0,0.1280994414246161,0.0,0.5321053720714811,0.0,0.04926901593254449,0.0
Lota_lota,,,2.8716287548871677e-05,0.9938921595921283,0.003041310838510412,3.6329696873387624e-134,0.5261579462785857,3.732315536874299e-55,0.05752711564474454,0.0,0.21774442749107978,0.0,0.0656415509056303,0.0,0.045925572532536256,0.0,0.0,,0.38663486811528536,0.0,4.593559963894903,0.0,0.0,,0.8138514523299782,0.0,0.14882093152960785,0.0,0.37468759563883663,0.0,0.09119043066242616,0.0
Micropterus_dolomieu,,,-0.021293883319476153,1.6223134533991695e-06,0.002948877433557276,1.5919062901608295e-168,0.3346271737572408,8.029276424959706e-23,0.41729169974133784,3.3530358326597537e-236,2.1140202307811586,3.353035832659373e-236,0.0,,0.0,,0.41979126664307964,3.353035832659373e-236,2.87414644452219,3.353035832659373e-236,5.226049241277787,3.3530358326597537e-236,0.0,,1.3065123103194458,3.353035832657845e-236,1.3090117872727758,3.353035832659373e-236,1.335147909598832,3.353035832659373e-236,0.43633726242425885,3.353035832659373e-236
Micropterus_salmoides,,,-0.014957507265902711,0.0003240063438339379,0.00293749084679057,2.3101934107725408e-172,0.3856795506725792,5.136926402026263e-30,0.40090192854625845,2.00319736539009e-276,1.2828929724827969,2.003197365389635e-276,0.40090192854625856,2.0031973653889506e-276,0.435092561248363,2.0031973653889506e-276,0.7251542687472718,2.0031973653889506e-276,2.1411290209269316,2.0031973653889506e-276,6.026931958071774,2.003197365389635e-276,0.6705808031611382,2.0031973653887225e-276,1.3411616063222747,2.0031973653882668e-276,0.6584192786837317,2.0031973653887225e-276,1.1207738475089952,2.0031973653887225e-276,0.39968350125624885,2.0031973653889506e-276
Minytrema_melanops,,,-0.011890531330334922,0.01505421351035582,0.003361179890137581,1.3556335287102077e-112,0.8101495466120452,2.5054788134724075e-127,0.0,,0.19987150962444794,1.1930598940510735e-205,0.0,,0.0,,0.0,,0.8336071860111574,1.1930598940514812e-205,3.766424477192496,1.1930598940507343e-205,0.0,,0.0,,0.16908097498232563,1.1930598940510735e-205,0.34007680913246713,1.1930598940507343e-205,0.0,
Misgurnus_anguillicaudatus,,,-0.0005206605789548138,0.9135432816093536,0.0031211582670281086,1.1481171131151733e-135,0.5587061213306792,4.111386635804002e-62,0.20036360849119486,9.370021320722395e-222,0.331622055083728,9.370021320713331e-222,0.15932435386897026,9.370021320714927e-222,0.5746187324770948,9.370021320717595e-222,0.07342476110971452,9.370021320713331e-222,1.5235433605726754,9.370021320719196e-222,5.269573442580121,9.370021320717595e-222,0.21652858867782138,9.370021320717595e-222,0.3547640387522144,9.370021320720793e-222,0.22880553744998727,9.370021320717595e-222,0.790605450365318,9.370021320716529e-222,0.04883451572270171,9.370021320717595e-222
Misgurnus_nikolskyi,,,-0.0039836797275805075,0.3943613865071829,0.003184718820771843,1.4183433398278335e-133,0.5677794862344077,4.3810666386432245e-64,0.33485968158864576,7.060147205270556e-241,1.3394387263545786,7.060147205273767e-241,0.1674298407943235,7.060147205272965e-241,0.38134697372792725,7.060147205275378e-241,0.2542313158186186,7.060147205272965e-241,2.415197500276871,7.060147205277787e-241,5.2792721675459955,7.060147205273767e-241,0.5865857963940002,7.060147205275378e-241,0.0,,0.0956065135039448,7.060147205272965e-241,2.3901628375986403,7.060147205272965e-241,0.0956065135039448,7.060147205273767e-241
Moxostoma_congestum,,,-0.00855601700491379,0.07441425529189778,0.0033366564690291986,2.2065065282515008e-110,0.6056470107143401,2.0864585726519463e-72,0.13229903915297483,1.6125709632448528e-213,0.9922427936473066,1.6125709632450368e-213,0.26459807830594856,1.612570963243844e-213,0.3286274209729328,1.612570963243844e-213,0.0,,1.0954247365764398,1.6125709632443027e-213,4.900414777449326,1.6125709632443027e-213,0.18847749144035886,1.6125709632448528e-213,0.18847749144035886,1.6125709632448528e-213,0.0,,1.0052132876819082,1.6125709632443027e-213,0.0,
Mugil_cephalus,,,-0.00960521899143699,0.04506425201399825,0.0029069359814079985,2.719985575189006e-175,0.5554894127204115,2.550246626112876e-61,0.12386176367504395,1.4605915026193835e-251,0.37633580093806307,1.460591502618054e-251,0.05488295744510735,1.460591502618386e-251,0.10821306556349092,1.460591502618386e-251,0.029016038406958183,1.460591502618054e-251,1.946241327531208,1.460591502618386e-251,4.69551934586674,1.460591502618386e-251,0.1215156788481021,1.4605915026188847e-251,0.21214158726176646,1.460591502618386e-251,0.11770400952594516,1.460591502618386e-251,0.9163693735872203,1.460591502618386e-251,0.01920452935754808,1.460591502618054e-251
Mylopharyngodon_piceus,,,0.0015712034079442827,0.7651467893643327,0.0033713499724425553,3.5342786787106194e-197,1.1031841367019235,5.061803789114284e-226,0.042864882438854,5.060409430681963e-175,0.40112211971814793,5.060409430677642e-175,0.09615042312134772,5.060409430678217e-175,0.13919582133448505,5.060409430678217e-175,0.0,,1.1154990911885778,5.060409430679657e-175,4.743102666993564,5.060409430678217e-175,0.0,,1.1522478584412799,5.060409430678217e-175,0.39021756331807933,5.060409430678217e-175,0.7174005121441484,5.060409430678217e-175,0.19039089935757247,5.060409430678217e-175
Neolamprologus_brichardi,,,-0.010358311360669406,0.03159998833006048,0.002891586686723398,6.663787404930459e-172,0.3870576449087708,2.0225201340657305e-30,1.271131678529789,2.5099015609603312e-262,0.0,,0.4237105595099294,2.509901560959761e-262,0.33338981328210815,2.5099015609589036e-262,0.0,,2.6671185062568554,2.509901560957761e-262,5.230394283786512,2.509901560958618e-262,0.0,,1.7434647612621663,2.5099015609589036e-262,0.0,,1.60790378630442,2.509901560957761e-262,0.0,
Notopterus_notopterus,,,0.012989986565902167,0.028485468676323244,0.003595731090774482,5.16226400610744e-146,0.9235932009231929,4.0527598824253027e-163,0.07490499905061601,7.905306877566569e-221,0.024968333016871725,7.905306877560272e-221,0.0,,0.10646588130107788,7.905306877558021e-221,0.0,,0.6782268028490555,7.905306877560272e-221,4.324994123265014,7.905306877560272e-221,0.0,,0.0,,0.12618887729750053,7.905306877560272e-221,1.2167540047573193,7.905306877556673e-221,0.0,
Notropis_stramineus,,,0.011925076576559529,0.00736230708401022,0.002977124057410172,1.9482164358257293e-112,0.40580663941189377,4.3437398270770016e-33,0.0,,0.7325622329333966,5.013007940411364e-280,0.4883748219555973,5.013007940411364e-280,0.0,,0.21566084427478507,5.013007940413074e-280,2.372269287022633,5.013007940411364e-280,5.380883128004049,5.013007940413644e-280,0.0,,0.8278281735390838,5.013007940410222e-280,0.11480452904180091,5.013007940409082e-280,0.0,,0.0,
Oncorhynchus_keta,,,-0.013517453810104378,0.000746572394567673,0.0030657890493670384,4.4218684287945425e-130,0.5299110547932544,2.690399815601765e-55,0.0,,1.3041545064489761,1.2597817199653527e-279,0.1709141089180973,1.2597817199656396e-279,0.5628107011644821,1.2597817199653527e-279,0.0,,1.415374059659789,1.2597817199653527e-279,5.474088493018314,1.2597817199656396e-279,1.114968225409049,1.2597817199646362e-279,1.114968225409049,1.2597817199646362e-279,0.4423016876155237,1.2597817199656396e-279,0.29486779174368316,1.2597817199653527e-279,0.35860212038113126,1.2597817199653527e-279
Oncorhynchus_nerka,,,-0.020493341506171922,6.009026259465922e-08,0.00308071094590448,3.170266302473629e-161,0.5106977962042154,6.902831242973684e-52,0.20462468274767331,0.0,1.282684169958023,0.0,0.5377697760101523,0.0,0.18048101529410232,0.0,0.0,,0.9109830434395034,0.0,4.787847689309774,0.0,0.33201870127137717,0.0,0.0,,0.3432256476649047,0.0,0.46537758623862846,0.0,0.0,
Opsariichthys_bidens,,,-0.0052955391059571755,0.21813989399108724,0.003077463170510346,1.5383332273910544e-113,0.33519453432212165,6.194789812550604e-23,0.2330415471080906,2.182331167286449e-267,1.475929798351245,2.182331167286449e-267,0.3884025785134834,2.1823311672862005e-267,0.3170285039136805,2.1823311672871942e-267,0.28180311458993823,2.1823311672876905e-267,1.7964948555108562,2.182331167286449e-267,6.013551372877818,2.1823311672871942e-267,0.6397395077529592,2.1823311672876905e-267,0.8316613600788479,2.182331167286449e-267,0.26469604752601483,2.1823311672876905e-267,1.8769356097299208,2.182331167286449e-267,0.2646960475260149,2.1823311672871942e-267
Opsariichthys_uncirostris,,,-0.0007880897025192915,0.867093238195848,0.0030608246077528517,9.016480064541984e-112,0.3643381098968186,6.894211378776795e-27,0.13923725063763762,4.5176866852631955e-246,2.715126387433937,4.5176866852585696e-246,0.06961862531881849,4.517686685257541e-246,0.19163371505234528,4.517686685259084e-246,0.4790842876308631,4.5176866852585696e-246,1.5330697204187655,4.5176866852585696e-246,5.874485907854638,4.5176866852585696e-246,0.4895404923212192,4.517686685257541e-246,0.6527206564282934,4.5176866852585696e-246,0.4998296442236408,4.517686685257541e-246,1.874361165838647,4.517686685259084e-246,0.24991482211181965,4.5176866852585696e-246
Oreochromis_niloticus,,,-0.011703654912609926,0.004715747689069184,0.0030090752167239677,2.282517359049716e-174,0.512032941048342,1.847908306235867e-52,0.09152120233640731,1.256689638605208e-299,0.2990719688917147,1.2566896386067805e-299,0.18083895304393485,1.2566896386063516e-299,0.25954294254082166,1.256689638606066e-299,0.05544415208772242,1.256689638606066e-299,1.8719422297786648,1.2566896386067805e-299,4.891436660979581,1.2566896386063516e-299,0.19874967102972985,1.2566896386063516e-299,0.44021658411410153,1.2566896386067805e-299,0.2221649389161517,1.2566896386070665e-299,0.8350476255338057,1.2566896386067805e-299,0.019054889225140332,1.2566896386063516e-299
Oryzias_javanicus,,,-0.02389568850478456,3.9587109309045414e-10,0.0027849515326134815,8.166905942171249e-124,0.3417390225347099,9.142238201725411e-24,0.27061951541521556,0.0,0.6986384180005155,0.0,0.2853459350568667,0.0,0.0,,0.07072151407659394,0.0,0.550772001404856,0.0,5.0410089230569834,0.0,0.9433739450050086,0.0,0.520869563992693,0.0,0.29250366591226884,0.0,0.7774815498412591,0.0,0.03703700059993107,0.0
Oryzias_latipes,,,0.00444243085603447,0.21282573761482915,0.0029638924040985785,4.75022839659532e-111,0.3708168347116534,5.524966647993583e-28,0.4170169250097694,0.0,1.3376661303818287,0.0,0.377750889338531,0.0,0.6472806637342444,0.0,0.18593585236457605,0.0,2.4053146512678985,0.0,6.483912850204215,0.0,0.634385947724232,0.0,1.1251003331715554,0.0,0.5233819096959282,0.0,1.7179254237870865,0.0,0.2571253473967632,0.0
Pangio_anguillaris,,,0.013381518757978134,0.019400528495850885,0.003209892143042416,3.499464122134336e-161,0.8241727568504165,3.1776975321540787e-132,0.034151204194463367,2.1090127533004765e-211,0.06830240838892712,2.109012753293876e-211,0.008537801048615817,2.1090127532925566e-211,0.2767176122342941,2.1090127532931556e-211,0.0,,0.9223920407809778,2.1090127532929167e-211,4.52313726664451,2.1090127532931556e-211,0.0942320263884273,2.109012753293517e-211,0.0942320263884273,2.109012753293517e-211,0.07756904611242516,2.1090127532931556e-211,0.40335903978461,2.109012753293517e-211,0.031027618444969794,2.109012753293517e-211
Pantodon_buchholzi,,,-0.017868875054705344,0.0018649108065255963,0.003645545402053529,2.1443139981560066e-74,0.8225248540461003,1.2180149066210274e-131,0.03911574156705309,4.58886508619691e-235,0.05587963081007673,4.58886508620161e-235,0.06146759389108469,4.5888650861995195e-235,0.31840757073851805,4.5888650861995195e-235,0.013266982114104573,4.588865086202654e-235,0.34494153496672797,4.5888650861995195e-235,3.922051587482266,4.588865086201086e-235,0.26147010583215097,4.5888650861984755e-235,0.5229402116643023,4.58886508619691e-235,0.1379182975817941,4.588865086201086e-235,0.08619893598862148,4.588865086201086e-235,0.08619893598862148,4.588865086201086e-235
Paralichthys_olivaceus,,,-0.014752292800391916,0.0003448650013014713,0.0030368545458170967,1.5257758979338492e-176,0.523344066945238,1.3874789684295377e-54,0.08632132287906286,7.589449791062064e-274,0.6042492601534464,7.589449791073291e-274,0.1726426457581276,7.589449791073291e-274,0.11520001521873194,7.589449791068971e-274,0.0,,1.2672001674060551,7.589449791068971e-274,4.840606932227876,7.589449791071567e-274,0.0,,1.0372729140488328,7.589449791071567e-274,0.12215990014011563,7.589449791068971e-274,0.9772792011209196,7.589449791068971e-274,0.0,
Pellonula_leonensis,,,0.005518597509545406,0.1959972455498188,0.003242997885323649,3.253554076235e-171,0.7894694180915822,1.733735340990757e-121,0.04901373553261186,3.550683687305872e-279,0.0980274710652253,3.550683687319608e-279,0.04901373553261229,3.550683687315163e-279,0.0,,0.20620571576146454,3.550683687319204e-279,1.443440010330252,3.5506836873171835e-279,4.612336671664525,3.5506836873171835e-279,0.0,,0.5124818524071694,3.5506836873171835e-279,0.07097508342909883,3.550683687316376e-279,0.49682558400369214,3.550683687316376e-279,0.0,
Plectropomus_leopardus,,,-0.006851082446293833,0.12597768677292495,0.002964435156994763,1.1980253825688026e-136,0.5790452103003352,1.6386761916876716e-66,1.0308541546173657,0.0,0.38242115297375734,0.0,0.4932524409192605,0.0,0.6798216585103573,0.0,0.08315716189377714,0.0,2.5295007653477715,0.0,5.752952715282275,0.0,0.8158592153598215,0.0,3.0429737228234854,0.0,1.2544080158654776,0.0,1.4640681967500975,0.0,0.11246972427694941,0.0
Polyodon_spathula,,,0.015000401098517024,0.0015770734924683905,0.0033518255007848664,6.035021489206513e-179,0.9028316773827927,1.8952499125628767e-157,0.0,,0.08778561610125625,0.0,0.0,,0.0,,0.0,,1.3103609037553383,0.0,4.273563402020245,0.0,0.0,,0.0,,0.21605146268352038,0.0,0.3240771940252809,0.0,0.0,
Procypris_rabaudi,,,0.01058149298298889,0.048343262981991854,0.003464779942652013,3.0721424532468933e-175,1.0743191219735275,5.824768539073431e-215,0.2961220904439398,3.2376912379490692e-192,0.44418313566590995,3.2376912379496225e-192,0.0,,0.7590049774960157,3.2376912379490692e-192,0.0,,2.277014932488045,3.2376912379496225e-192,5.013770022773683,3.2376912379496225e-192,0.0,,2.5068850113868417,3.2376912379496225e-192,0.0,,0.7926014037808438,3.2376912379496225e-192,0.3963007018904219,3.2376912379496225e-192
Pseudopungtungia_nigra,,,0.004645166498265542,0.31920410778968356,0.0032927492074289865,3.5227657576071712e-127,0.625484685917963,2.665918525766895e-77,0.0,,1.1699135350011634,1.4691371700199198e-260,0.0,,0.0,,0.0,,0.6790761089842404,1.4691371700200873e-260,4.654221237069852,1.4691371700209232e-260,0.0,,0.0,,0.0,,0.5549095065874984,1.4691371700200873e-260,0.27745475329374925,1.4691371700199198e-260
Reinhardtius_hippoglossoides,,,-0.0005543202247144073,0.9068941698483748,0.002999325518227484,1.0049950091929926e-156,0.5164170518203415,3.899782101831911e-53,0.05819888027008002,4.398794487819685e-287,0.945052318848878,4.398794487819182e-287,0.0,,0.17361189793314283,4.398794487816681e-287,0.1837332392182323,4.398794487816681e-287,0.7576778388964878,4.398794487817681e-287,5.028295220008259,4.398794487816681e-287,0.0,,0.7114774163177058,4.398794487816681e-287,0.14098342613280174,4.398794487816681e-287,0.32827575602160125,4.398794487816681e-287,0.12386255030183982,4.398794487816681e-287
Rhodeus_ocellatus,,,0.014484986086123534,0.0008482512969650087,0.0033696239755112867,3.577134750974286e-117,0.5461221123308575,2.451156239373992e-59,0.1626552528222187,0.0,0.8565588985129897,0.0,0.36156175286911074,0.0,0.47228426256000944,0.0,0.18533536799927125,0.0,1.6551411179648003,0.0,6.08819178788412,0.0,0.45255766265024566,0.0,0.6835154884496505,0.0,0.4006826523087257,0.0,1.028195581198182,0.0,0.11249714155742321,0.0
Rhodeus_ocellatus_kurumeus,,,0.013438900264842402,0.0017622910848842576,0.0032537313294504914,1.7137502058427213e-131,0.5599738119428017,2.705327115901317e-62,0.0,,2.7729243223100326,0.0,0.0,,0.0,,0.7914965470718509,0.0,5.151940538303277,0.0,3.307909384574958,0.0,0.0,,0.0,,0.5353421166239362,0.0,1.5998334462090684,0.0,0.0,
Salangichthys_microdon,,,0.01095890710813158,0.03411184742669877,0.0027479236403466388,4.344297693450917e-159,0.19565985081976223,1.325868429483684e-08,0.0,,3.0963721551291075,2.2051343886725287e-284,0.0,,0.0,,0.0,,0.0,,4.51339961150463,2.205134388671274e-284,0.0,,0.0,,0.16265963638205172,2.2051343886727783e-284,0.32531927276410266,2.2051343886727783e-284,0.16265963638205172,2.2051343886727783e-284
Salanx_ariakensis,,,0.017601482489985675,0.0022341142488679702,0.0029231377420074357,4.11308176951428e-178,0.43655322468878466,2.8994215317492356e-38,0.11634608979777063,3.86467533670382e-252,1.467152176989929,3.864675336708657e-252,0.10500934220249808,3.864675336710416e-252,0.0,,0.0,,0.5467655373288839,3.864675336708657e-252,5.905344694644917,3.864675336708657e-252,0.49321465309619716,3.8646753367073386e-252,0.737175751142406,3.864675336708657e-252,0.3669146764080655,3.864675336707777e-252,1.0889242471269276,3.864675336707777e-252,0.07938909656789023,3.864675336707777e-252
Salmo_salar,,,-0.00945330969139567,0.021701780756748255,0.0030847292597315015,3.857546277732974e-166,0.5906859413738483,3.43535965798433e-69,0.23716686644582408,3.298009484356738e-293,0.5541248425036545,3.298009484354111e-293,0.5051354124177407,3.298009484355237e-293,0.4351477758188409,3.298009484352986e-293,0.11967789973187593,3.298009484355237e-293,1.9760650628096457,3.298009484352986e-293,5.60487037155364,3.298009484356738e-293,0.5691541621690909,3.298009484354862e-293,1.1689643793091435,3.298009484356738e-293,0.5404272011115229,3.298009484354862e-293,1.243396518223655,3.298009484352986e-293,0.09933149177796093,3.298009484355237e-293
Sardina_pilchardus,,,-0.01381932523131102,0.0019344793375218295,0.0029458020729068654,3.1114925208538944e-127,0.21447283055782318,4.946452786478884e-10,0.0,,1.3734058121183113,6.776658282715941e-228,0.6867029060591561,6.776658282717485e-228,0.0,,0.0,,1.9047562574624521,6.776658282713631e-228,5.364979696150821,6.776658282715941e-228,0.7664256708786901,6.776658282710546e-228,1.5328513417573766,6.776658282715941e-228,0.0,,0.5141156270142009,6.776658282710546e-228,0.0,
Scleropages_formosus,,,-0.008585213721176405,0.0939536828354483,0.003174714789080015,4.652336104909411e-201,0.9464946241939791,4.1080732828086417e-171,0.029803014368021793,2.2891386208627415e-202,0.39551062984046254,2.289138620870167e-202,0.03913768330344917,2.289138620869776e-202,0.04832665262562407,2.2891386208691247e-202,0.10973074581573847,2.289138620870428e-202,0.8663487617709189,2.289138620870428e-202,4.000057458567228,2.289138620869776e-202,0.1467011983480179,2.289138620869776e-202,0.0676728753591328,2.2891386208691247e-202,0.05838280440480331,2.289138620869776e-202,0.16355479093365924,2.2891386208693854e-202,0.06416060722639676,2.2891386208693854e-202
Scomber_australasicus,,,-0.0068146345115777385,0.11489582543058095,0.0029156585253959067,4.2184302723585244e-201,0.6670549800658043,2.333083929624148e-87,0.0,,0.15571848096254365,5.883423385894907e-304,0.07903627094572126,5.883423385894907e-304,0.0,,0.0,,1.311159323351259,5.883423385898252e-304,4.290950446712198,5.883423385896245e-304,0.0,,0.0,,0.3521679237769657,5.883423385894907e-304,0.5145334158667615,5.883423385896245e-304,0.0,
Scomber_colias,,,-0.008869444005896288,0.04190082947692993,0.00291071569959203,2.4215963126560097e-202,0.6521979259147752,1.1286432710683274e-83,0.0,,0.5468799836624585,1.8548991573648238e-286,0.06073535882163127,1.8548991573641906e-286,0.06272331074694387,1.8548991573641906e-286,0.12544662149388908,1.8548991573641906e-286,0.6757168843978676,1.8548991573641906e-286,4.502577437758985,1.854899157365035e-286,0.48241358043781085,1.8548991573648238e-286,0.0,,0.09724033827085321,1.8548991573648238e-286,0.4239188589122401,1.854899157365035e-286,0.09724033827085321,1.8548991573654566e-286
Siganus_fuscescens,,,-0.02090373064927846,2.199435233924279e-07,0.003113573587887292,4.557413862171523e-193,0.7380859311686503,1.104450111663018e-106,0.0,,0.3815298496900393,1.2287736378695757e-224,0.0,,0.0,,0.0,,1.4465607549883868,1.228773637870764e-224,3.986078524856885,1.2287736378703445e-224,0.7972157049713788,1.228773637870554e-224,0.0,,0.05263307911342717,1.2287736378703445e-224,0.21053231645370865,1.228773637870554e-224,0.0,
Sinogastromyzon_puliensis,,,0.013061300677843765,0.02822972527832623,0.0033366905727955794,4.241422719745442e-150,0.8409290416287629,2.4286490379834995e-137,0.0,,0.280089832763603,3.105497439191933e-182,0.09336327758786717,3.105497439194053e-182,0.0,,0.0,,3.479745336639397,3.1054974391922854e-182,4.798102461603289,3.1054974391928165e-182,0.0,,0.9596204923206595,3.1054974391931704e-182,0.7011916215073736,3.1054974391922854e-182,1.0517874322610608,3.1054974391922854e-182,0.17529790537684367,3.1054974391931704e-182
Spicara_maena,,,-0.0004191632480850596,0.9170225281145731,0.002961498737216006,1.0186582788988732e-147,0.43292310124624667,9.761166507543239e-38,0.3238550136752469,0.0,0.9715650410257445,0.0,0.10795167122508148,0.0,0.7421219974388742,0.0,0.12368699957314448,0.0,2.5974269910360586,0.0,6.149606439451333,0.0,1.2299212878902681,0.0,2.049868813150451,0.0,0.4356736104367506,0.0,1.5248576365286293,0.0,0.2178368052183754,0.0
Takifugu_niphobles,,,-0.015600313339133504,0.002478915115068607,0.003059295344862854,9.999388497604653e-163,0.755475271346373,5.593059439446795e-112,0.0,,0.3186511273702255,1.3001006663940456e-223,0.0,,0.0,,0.0,,0.7523707174019173,1.3001006663942675e-223,4.33365533223506,1.300100666393824e-223,0.0,,0.5417069165293829,1.3001006663940456e-223,0.5136875932606217,1.3001006663944894e-223,0.5603864653752235,1.3001006663940456e-223,0.04669887211460156,1.3001006663947111e-223
Takifugu_rubripes,,,-0.007584721077588272,0.11400591240829896,0.0030997205182809765,7.899177948311024e-161,0.7757920794323483,7.170935314374212e-118,0.024770714741553186,3.4060253675119726e-265,0.08645100820527583,3.406025367520887e-265,0.03691821144291811,3.4060253675224353e-265,0.12049346858377805,3.406025367519335e-265,0.027986412510121624,3.406025367520499e-265,0.8721942029957392,3.406025367520499e-265,4.0990974646248635,3.406025367520887e-265,0.22598097018128405,3.406025367520887e-265,0.14246514319181142,3.406025367520499e-265,0.052467047224301476,3.406025367520887e-265,0.2290459914486544,3.406025367520887e-265,0.013259385312209321,3.406025367519335e-265
Thunnus_orientalis,,,-0.012112092517033157,0.0018399893564200944,0.003051574018328607,8.417724304423961e-209,0.837752080043165,1.5384150037739672e-135,0.5303831086736791,1.2991532960324615e-305,4.3581076752778465,1.2991532960323133e-305,1.1270641059315685,1.299153296031574e-305,0.09485964215181872,1.299153296031722e-305,3.50980675961733,1.2991532960309832e-305,2.3764302160191324,1.299153296031722e-305,0.5337923664888452,1.299153296031574e-305,0.08896539441480632,1.299153296031574e-305,0.2668961832444226,1.299153296031574e-305,0.0,,1.0203059045233764,1.299153296031574e-305,2.7484628231978774,1.299153296031722e-305
Thymallus_arcticus,,,-0.005266469728733247,0.167055617526072,0.0030725657112084127,7.726239987662092e-145,0.5642408782286916,3.893068746801274e-63,0.2137076850632249,0.0,0.4638602756880533,0.0,0.2639258818210403,0.0,0.26324265688059373,0.0,0.17304465144720327,0.0,0.993518335302114,0.0,5.442072920613167,0.0,0.8384661439665753,0.0,0.28574264312284775,0.0,0.5112071843962449,0.0,1.2416970050325875,0.0,0.031212878809589513,0.0
Tinca_tinca,,,-0.007852638291585504,0.12965939161046902,0.0035477784226480647,1.3921430908069008e-142,0.9207023510039403,6.086197412178478e-162,0.0,,0.18955062489314786,7.13719539630368e-169,0.13169882670525487,7.137195396302869e-169,0.0,,0.18201073803085796,7.137195396301652e-169,1.0920644281851475,7.137195396298807e-169,4.737685048482367,7.137195396300839e-169,0.7158878625323728,7.13719539630368e-169,1.3223637293670503,7.137195396302869e-169,0.1714175204735059,7.137195396301652e-169,0.6856700818940235,7.137195396302869e-169,0.17141752047350575,7.137195396298807e-169
Trachurus_trachurus,,,-0.025546676082840766,2.996689036679713e-07,0.003037159879784345,5.009466276381848e-192,0.6611022563293392,9.549360073314173e-86,0.0,,0.22452568419497393,3.573353462480124e-178,0.0,,0.0,,0.0,,0.08369235260684964,3.5733534624811406e-178,3.842170022428216,3.573353462481751e-178,0.8538155605396032,3.5733534624827675e-178,0.4269077802698016,3.5733534624827675e-178,0.0748118135842577,3.573353462481751e-178,0.3241845255317835,3.573353462481751e-178,0.0,
Xenocypris_argentea,,,-0.0012571794835993105,0.7827423938085865,0.003385885000403792,5.542300265913713e-166,0.9751545733843199,1.0615102128114736e-180,0.013391795361875479,1.603180259266563e-226,0.2381635180914087,1.6031802592568939e-226,0.0,,0.18911367817749872,1.6031802592568939e-226,0.0,,0.7464285113689105,1.6031802592568939e-226,4.03113864735145,1.6031802592568939e-226,0.0,,0.13407737975401324,1.6031802592568939e-226,0.022607031025538266,1.6031802592568939e-226,0.4568921599309458,1.6031802592567115e-226,0.02371052610386749,1.6031802592568939e-226
Xiphias_gladius,,,-0.016843571114992795,0.0002095423950577508,0.002913020510177648,1.3096666097902556e-187,0.5029532003058168,3.0147999004195466e-50,0.015624636877587203,1.4144622346993153e-234,0.8529769161173787,1.4144622346898186e-234,0.049313929561475484,1.414462234689014e-234,0.06205812307299001,1.4144622346894974e-234,0.031029061536495005,1.4144622346894974e-234,0.8383645916091365,1.414462234689014e-234,4.2585515125228355,1.4144622346894974e-234,0.059292489327345925,1.4144622346894974e-234,0.059292489327345925,1.4144622346894974e-234,0.12635748917700793,1.414462234689014e-234,0.24458498999778094,1.4144622346894974e-234,0.02055813027996017,1.4144622346894974e-234
Xyrauchen_texanus,,,-0.021949887983348508,4.634961490434261e-08,0.00318970532885548,2.3694734296492538e-112,0.5703058255633,1.845963332043e-64,0.0,,1.2428791531988526,8.021396620080785e-232,0.0,,0.0,,0.0,,1.0826845232913245,8.021396620088086e-232,4.029502678778162,8.021396620084438e-232,0.5304205508513401,8.0213966200817e-232,0.0,,0.0,,0.0,,0.0,
Zeus_faber,,,-0.015763345175972554,4.818210549209526e-06,0.002918115780610134,1.3786316673724775e-96,0.5143126094380328,9.761840320905996e-53,0.2346142048631821,0.0,1.8769136389054455,0.0,1.407685229179083,0.0,0.0,,0.7429449820667393,0.0,2.2288349462002275,0.0,5.232916830209211,0.0,1.7443056100697327,0.0,1.7443056100697327,0.0,1.5849492950757098,0.0,3.9623732376892677,0.0,0.0,
