Codon,Const,TrnaGe,AAUsage,DummyCognate,A>T,A>G,A>C,T>A,T>G,T>C,G>A,G>T,G>C,C>A,C>T,C>G
AAA,,-0.5558091929881991,1.1522517636581566,-19.5831778211751,216.1985793464457,-101.87173877051217,40.74518955485769,-41.29983589487857,-17.367862355476518,-6.45354684998793,-8.109602863846234,-8.957970126919292,-18.3342279566194,-59.07435594050111,-14.93050034501394,-0.1273056187247903
AAC,-106.82266751478898,-0.9210647365550897,1.1633817028179245,26.901589969038426,480.4194426215993,21.571805982231197,-335.02086327652285,-66.2806291692176,28.864094412931536,40.422694255022236,-16.973103090014035,-18.1565347070719,-58.009820108588514,-99.21165875849088,-107.90074766742228,23.45265199076448
AAG,,0.5558091929881989,-0.15225176365815582,19.58317782117523,-216.198579346447,101.87173877051184,-40.74518955485625,41.29983589487838,17.36786235547624,6.453546849987912,8.10960286384599,8.957970126919385,18.33422795661898,59.074355940502514,14.930500345013929,0.12730561872513135
AAT,106.82266751478878,0.9210647365550875,-0.16338170281792425,-26.901589969038476,-480.41944262159893,-21.57180598223151,335.0208632765198,66.28062916921775,-28.86409441293074,-40.42269425502225,16.973103090014,18.156534707071756,58.009820108588094,99.21165875849067,107.90074766742265,-23.452651990763684
ACA,-17.41521788951802,-0.9207083131055784,0.37197841059113934,22.326972002515596,171.79574478591513,-206.67836717421923,-167.30031635035584,156.9734596918103,-184.10367957150982,-2.607326740855683,20.932657021066518,51.27254672729316,-95.14415989746595,292.76113694086365,22.25496063001927,-77.5718739520787
ACC,-59.566951047028965,-0.05348230050762681,0.6570019932179851,-22.03272898156737,447.53411982222246,7.023988604304819,-222.40472988933425,-39.326589918011024,-203.1556335258573,16.00512182896341,-33.563202169279464,-21.807927433148734,-1.772258716146581,-102.47676953067295,-106.46370392323135,200.84063380316616
ACG,17.673039258535674,0.20300343518589417,-0.02218929843755959,-4.607963333341393,-169.6234394912368,91.69628907047795,51.80452960154234,-38.6979554023738,75.44422687149131,13.723449999864528,4.589273758114432,-5.128208869184764,-0.5336323175916711,18.16229108939515,-0.5904058768034712,-23.17337917515995
ACT,59.309129678011224,0.7711871784273029,-0.0067911053715664395,4.313720312393169,-449.7064251168941,107.95808949943832,337.90051663813915,-78.94891437142462,311.8150862258718,-27.12124508797193,8.041271390098736,-24.336410424959368,97.4500509312046,-208.44665849958562,84.79914917001577,-100.09538067592678
AGC,29.647531254858748,-0.03234976358779279,-0.0469228508034447,11.08124294591579,46.599303672581115,-36.23901714974388,57.4280804694082,-26.26100703038958,-29.331897858693026,26.150274352617714,6.377219579808283,8.036420869997386,3.4209633508446586,-4.0526174314479135,-11.635513659407565,-10.84467791071802
AGT,7.684624536988132,-0.4331043685742129,0.01760443839550597,-11.827662869460953,-237.10710028084358,41.5405786977596,118.46578753640048,21.038010496518154,52.88417078195015,-10.14181394021104,7.6863460067480744,7.22611924740572,0.7665570802855264,-29.93490330586763,33.93236347145926,1.3285087453809439
ATA,10.979150016732433,0.3791050065222876,0.9020646559828531,-2.4685721271989396e-14,278.3896538733897,-161.66844601161446,-13.066297296029461,-7.018901810780562,-16.790125788539967,-60.098874360220634,-8.292726241911168,-8.414073719003568,-18.233455606578787,51.420982879782514,-21.379229285952306,-3.869356615810375
ATC,100.00251063529777,0.5042425903229404,0.12510164070362784,45.202371918699235,286.9495551243066,-79.19240407378116,-334.5518055915761,167.06745374388163,-191.26354474020104,48.22517843216019,-5.112779939799395,20.153498663381356,14.864052523446048,-79.38660697981531,-49.25986790896562,301.50978138227197
ATG,-10.97915001673212,-0.37910500652227314,0.09793534401714732,2.4685423529204212e-14,-278.3896538733915,161.6684460116145,13.066297296029802,7.01890181078096,16.790125788539257,60.09887436022053,8.292726241911218,8.414073719002829,18.2334556065786,-51.42098287978236,21.379229285952245,3.869356615809238
ATT,-100.00251063529686,-0.5042425903229377,0.8748983592963722,-45.20237191869922,-286.9495551243092,79.19240407378125,334.5518055915759,-167.06745374388163,191.2635447402036,-48.22517843216036,5.11277993979931,-20.1534986633813,-14.864052523446617,79.38660697981624,49.25986790896559,-301.50978138227197
CAA,,-0.26511541443828635,0.7662936562459886,16.702546906101503,124.83434168699446,-106.68395658799476,15.25341957056537,-16.72007891877267,-20.464342170254213,-6.67902671494889,-6.088758252737705,10.79858674089948,-21.879157051226258,-29.487480482530216,-3.1393630301720634,76.9583621162808
CAC,-34.15939114104767,-0.2876819090587657,0.931483389794679,15.447295576976325,296.0196956761838,-18.841634933157273,-230.4266312741609,13.033764906437838,-10.54451412960151,12.19365987831506,-11.28606863449592,-12.665913383338193,5.075395516197688,-31.087304501344267,-44.326100090678636,-1.3037401714019552
CAG,,0.26511541443828535,0.2337063437540108,-16.70254690610148,-124.83434168699466,106.68395658799498,-15.253419570564574,16.720078918772856,20.46434217025334,6.679026714949142,6.088758252737838,-10.798586740899228,21.87915705122643,29.487480482529826,3.1393630301721167,-76.95836211628057
CAT,34.15939114104761,0.28768190905876634,0.06851661020532002,-15.447295576976332,-296.01969567618374,18.84163493315748,230.4266312741593,-13.033764906437618,10.544514129602192,-12.193659878314975,11.286068634496011,12.665913383338307,-5.07539551619778,31.087304501343986,44.32610009067865,1.303740171401671
CCA,93.07851318402359,0.13701338814309505,-0.04310773967853343,24.583677889006125,417.27186917282035,-104.79039860866422,-239.58643780366754,116.43835336461292,-157.4418961101232,-6.619917408689645,-14.967302964820021,-9.655299308751921,-80.99617660387055,227.99064554568315,-77.74231930731875,23.177393216821656
CCC,-182.35892513290088,-0.3761835330304929,1.2556376630039328,-17.321277700795996,-16.24409504817305,9.562913603066391,140.2958655992545,-65.104174254778,-59.51128183926349,20.57195184585278,9.662227783335865,-1.5812877149505766,26.043977701307156,-226.24739149652976,-2.807292245826474,-17.000339066198762
CCG,13.06131588603642,-0.20248822955771903,-0.027107451169788455,-2.250929770949376,-35.832969672855796,9.309948949186596,75.70233541562605,-22.650371580592655,1.820250899461552,0.5479054401851116,-7.336055367980618,-9.275619681267875,-5.22576645871144,0.663007534564338,-1.612905603740436,6.951556012160111
CCT,76.21909606284035,0.4416583744451188,-0.18542247215561025,-5.011470417260716,-365.1948044517914,85.91753605641165,23.588236788785707,-28.68380752924226,215.13292704992418,-14.499939877348169,12.641130549464911,20.51220670497058,60.17796536127496,-2.406261583717324,82.16251715688567,-13.128610162782707
CGA,-39.861253128462586,-0.2336183103722127,1.0620684215440142,4.825293438410304,-204.78038276481874,5.239773760671902,-79.52997046654659,52.31258842387294,22.652014442890845,-4.292305464885757,4.70489514342821,-0.5066164800053059,-22.461913500048297,121.45328886503722,10.655514677432095,54.69186023450925
CGC,58.074942801693645,0.15368812605104698,-0.5134902503068466,-11.142459787387516,145.5990517786541,-10.394116439217944,57.538204756632965,-45.67585644842262,46.9747885943462,12.835424911213597,1.6305920572478882,0.5756619984972744,14.334892865339441,-107.9948817213715,-9.193909377761468,-48.154910173464486
CGG,-19.865008098642285,0.08350410746184933,0.3294329925812527,1.8587800245625332,-33.57705390227011,26.00568066571961,-2.308513338450304,2.415554179925736,-30.848725247730783,5.329440088571846,-0.8783106008120534,1.3055251090324358,2.709807747967602,8.645469226353814,1.2869186813061653,0.049199291743356355
CGT,1.651318425411258,-0.0035739231406803906,0.12198883618157891,4.458386324414658,92.75838488843405,-20.85133798717388,24.300279048365127,-9.052286155376105,-38.778077789506504,-13.87255953489964,-5.457176599864052,-1.374570627524509,5.4172128867412646,-22.103876370019236,-2.748523980976696,-6.586149352788468
CTA,,1.3133967418981713,0.43734418928772956,23.08910690091568,-321.9781033022092,-228.8312704285962,-313.9982626769788,318.91851723432626,-118.96996556284171,67.64082561729299,60.180308783402836,80.60070634168267,-156.7664663609906,369.56919290922184,60.59100523781626,206.13261910879692
CTC,,-1.477298189218455,0.5660183804778482,-123.56596911539235,720.6880791859551,-42.62623699056197,78.47656839182582,-261.16776245166295,5.463233432035963,-84.1182172468219,-66.09769698928665,-76.26113628811086,44.331015431943754,-339.0817055494424,-69.80648937065442,-33.36562067060822
CTG,,0.3457709385549508,0.059162596995437154,0.49942562508417154,-209.8127951163679,265.758186952768,-194.7810716529226,7.667574205852702,41.70177125091834,58.116868254856165,-4.3399172545607385,-21.377211640745628,-4.64667531038878,66.6748252899365,-39.7290385073982,35.266909153139636
CTT,,-0.18186949123464213,-0.06252516676101373,99.9774365893924,-188.8971807673732,5.699320466391946,430.30276593807037,-65.41832898851476,71.80496087988286,-41.63947662532763,10.257305460444556,17.037641587174164,117.08212623943541,-97.16231264971356,48.94452264023603,-208.03390759132685
GAA,,-0.37989156050018047,0.6724497803294269,13.074154462241331,125.06421803220069,-112.03432536080341,3.583347277810617,69.56809626638221,-76.41266372115211,-8.664992294960769,-0.046588607276277116,7.0962220596548775,-27.63339440124456,-7.37025630643555,-0.5400744718089356,40.46456598987061
GAC,-33.17021901319151,0.00018980722997341548,0.8471531836091701,12.224500361601116,24.176171188714363,27.880730350913687,-173.98382436932957,-13.77117507442641,56.26159681045779,26.492376464347316,8.779370912204072,8.623257374449594,2.2626564548387478,44.857066506433256,-23.173518577148002,-21.574927054643126
GAG,,0.37989156050017847,0.3275502196705727,-13.07415446224115,-125.06421803220117,112.03432536080328,-3.5833472778102617,-69.56809626638264,76.41266372115244,8.664992294960612,0.04658860727618119,-7.096222059654949,27.63339440124437,7.370256306436307,0.5400744718088148,-40.46456598987123
GAT,33.17021901319148,-0.00018980722997344324,0.15284681639083153,-12.22450036160112,-24.17617118871543,-27.88073035091361,173.98382436932974,13.771175074426438,-56.26159681045715,-26.49237646434731,-8.779370912203987,-8.623257374449352,-2.2626564548386696,-44.85706650643331,23.173518577148023,21.57492705464273
GCA,-10.724313419426835,0.3813474641952035,0.4014035486349249,16.595115357865055,-18.499704120391527,-22.744997278931322,-165.3466306550455,-6.7440042666697195,-34.550871564401746,7.974222973526366,4.483145853178513,11.820936786386653,-44.93419546425632,146.40186956708942,-17.101458580801335,128.51737333089363
GCC,-9.157885359996953,-1.2269267317435775,0.428683045905196,-16.97161437493743,351.4685138091917,-21.83643382094533,-83.11455656023645,33.267377901570796,-284.5038521399265,24.802065380713458,-15.993458595380247,-1.8271034150880041,17.017650313183253,-1.3972787262078672,-59.95705537418479,32.91624586731268
GCG,-16.061120703959762,-0.24086357884537468,0.042872008722647244,-0.9494732529878953,-36.52639836931935,65.40644292038108,-85.21292822983304,15.749216760714617,30.029869964407293,10.217720231673354,5.391486509901169,4.868111634551235,-1.964597699444056,4.173406158705352,10.406301532491838,-38.59975211818788
GCT,35.94331948338328,1.086442846393741,0.12704139673723172,1.3259722700603085,-296.44241131947297,-20.825011820503605,333.6741154451107,-42.272590395615694,289.0248537399173,-42.99400858591311,6.118826232300584,-14.861945005849762,29.881142850517094,-149.17799699958834,66.65221242249396,-122.83386708001785
GGA,-93.02057122727004,0.7435915146097897,0.8213768126242522,24.98144447671809,-3.859398112347833,-100.57387327353094,-44.699702975126,16.89837393388106,-138.4428505245113,33.70338948238046,14.635661909578516,5.393939827905086,-34.26803576531941,149.7823933763326,1.430600188661515,6.978930704825075
GGC,42.96063200187815,-0.9648718050473024,0.09353757192783935,-24.747503728212607,68.5192924137425,-8.254522983737392,127.13531226176417,5.856309411208898,-15.558974702444203,21.710988298080636,2.936236074301874,18.733196944279314,14.697206794344368,-139.12600175327975,-8.736404924868538,-44.95200583151643
GGG,-1.1991056939863505,0.22669875744319817,0.14591196021611808,-0.8539288666627218,-87.47044586481047,120.45010043473403,-199.9800748996094,30.83439698654677,130.40962688032664,-14.025047448453279,-8.447949485265696,-21.073811013997123,-1.5055951521830515,35.10750831939203,-2.5407502861366353,17.04293583547428
GGT,51.25904491937824,-0.005418467005684879,-0.060826344768210694,0.6199881181572404,22.81055156341843,-11.621704177465702,117.54446561297027,-53.58908033163689,23.592198346626844,-41.3893303320081,-9.123948498614826,-3.0533257581874125,21.076424123157985,-45.76389994244607,9.846555022343843,20.93013929121753
GTA,,0.8299847551956907,0.4806600919501429,9.146678264492792,-35.515827002552925,-127.3906248004145,-160.60197401928542,156.77629597690856,-155.82729134654676,-1.8786686575301133,7.562840788639704,27.609237913929235,-77.92893917319984,184.6104846096408,8.01724150593273,183.7139024689775
GTC,,-0.15428917751109683,0.2357349929951152,-21.16342384012465,278.65884647815375,28.273654516225044,-137.5227253056297,-93.2517378165987,17.41014533349218,55.33920993124936,17.852301501013756,17.710240691881225,63.71469874315518,-119.39229733211442,-2.8770080473674184,-147.07875253358202
GTG,,-0.19303678747875697,0.09329110157468144,-10.362112555078696,-87.91274788170887,108.8808626564224,-70.8211649328719,-11.17171476640788,-34.971743831490265,10.36132772235204,0.7207003849681541,0.2555645066456371,2.5871032179245184,79.07239094324574,-11.611221059671358,4.248530485514507
GTT,,-0.482658790205857,0.19031381348005982,22.378858130710583,-155.23027159389295,-9.76389237223361,368.94586425778857,-52.35284339390216,173.3888898445467,-63.82186899607123,-26.135842674621742,-45.57504311245636,11.627137212120147,-144.29057822077388,6.470987601106337,-40.88368042090957
TAC,28.457047641872265,-0.29432811833618167,0.13415577614821206,20.248529906078293,46.947805641063326,77.80346060254418,-176.13712994162188,-36.447681105366996,19.11684178376288,13.948485647372337,0.7415645665750361,-0.10339064667309117,20.961346737499696,55.12481602279111,-29.67994207185925,36.18087040578814
TAT,-28.457047641872123,0.29432811833618155,0.8658442238517872,-20.2485299060783,-46.94780564106287,-77.80346060254413,176.1371299416216,36.447681105366996,-19.116841783762823,-13.94848564737238,-0.741564566575093,0.10339064667329012,-20.961346737499653,-55.12481602279139,29.679942071859486,-36.180870405788596
TCA,130.86196570757807,-0.11969107746163488,-0.23432981383819013,26.95756626926915,715.4666875217226,-215.9355453614847,-424.5169302200884,-0.7801806386257084,-156.50819548145728,-34.62138685444796,-42.14014350830422,-22.26192026445193,-76.08835579613503,220.05736873162653,-87.70024673108045,255.8908143103115
TCC,130.74273108143555,0.9485839326883599,-0.5336083112116181,-18.971536998049032,110.43709043558829,3.187731780810367,180.2118960894511,-3.257330621512722,-78.15557340664589,31.073154195623403,-6.462701040634201,-8.264119710857358,-11.323850363759007,-159.68472372608448,-71.10888274087117,144.09004019032568
TCG,8.381179591382882,0.2871985417167141,0.11899920415271804,-4.1614663748294705,-10.508343164744758,59.77692044231965,3.0455003631737014,-19.612687269413044,49.39593035219786,6.139182435287154,-2.092709537294118,-11.940721103351908,5.089367797547286,-43.2936486983032,-6.989113887717577,-20.628498138318136
TCT,3.8781394312891706,0.15290534597633298,0.333129144501796,2.415957035547393,-459.34403030244476,87.57497825493388,306.8963717716565,27.04706313411596,141.66589546384705,-21.394665118031583,25.07582628789563,8.65765318671815,67.08932099692987,-49.205490978659554,98.5464185805414,-228.73120184621848
TGA,,0.006619475700602839,1.9119395272494955,-95.88806877517536,131.15687459498443,-59.38378289478196,-55.24691505833334,-8.424280335040748,-28.612967591787083,-3.2118356956697482,-0.5065610453727345,-1.3050124337050875,-17.559663734897214,1.6998738527622805,-0.7932362837166806,-53.70056214961619
TGC,-14.231734061326783,-0.10798006863455378,0.8673867076739812,5.697866058007577,9.06409417490022,1.2156203876598237,7.129464080721959,5.942705363135573,-11.305220086071152,10.904016186315843,2.80512825803061,3.4308503777060366,6.59705976852943,-6.9073153016800894,-6.362964342518737,-36.74517292805692
TGG,,-0.006619475700602645,-0.9119395272494925,95.88806877517524,-131.15687459498565,59.38378289478186,55.24691505833437,8.424280335040326,28.612967591787715,3.211835695669759,0.5065610453727505,1.3050124337050324,17.559663734896894,-1.6998738527618107,0.7932362837166318,53.70056214961667
TGT,14.231734061326744,0.10798006863455328,0.13261329232601884,-5.697866058007563,-9.06409417489995,-1.2156203876598273,-7.129464080721853,-5.942705363135426,11.305220086070864,-10.904016186315797,-2.8051282580305683,-3.430850377705962,-6.597059768529352,6.907315301679631,6.362964342518762,36.745172928056846
TTA,,0.10821412191641278,0.9471142162555355,6.560690553081528,18.37548463341365,-137.39512549594036,98.94256304066573,22.397554613605095,-69.28834198697916,-20.01741444438838,-5.769768081293236,-1.4928438234634314,-2.3582623489567425,30.305191565723618,1.3231226679513384,71.53853021274085
TTC,3.991027151366467,-1.4324458424662287,0.2968094498847629,34.85814006878817,82.52714867552655,-22.93601824569936,-142.06737996496372,-10.245253177159867,47.285187964302736,46.923288474629544,13.531046114096682,46.771622843141245,37.81853001343674,26.383045506231497,-47.8319364068916,-74.16825464528006
TTG,,-0.10821412191641827,0.052885783744464246,-6.5606905530814235,-18.375484633413876,137.39512549594,-98.94256304066562,-22.397554613605326,69.28834198698,20.01741444438807,5.7697680812931385,1.4928438234632928,2.3582623489564423,-30.305191565722765,-1.3231226679514165,-71.5385302127412
TTT,-3.991027151366204,1.4324458424662279,0.7031905501152367,-34.858140068788174,-82.5271486755277,22.936018245699614,142.0673799649618,10.245253177159185,-47.28518796429998,-46.92328847462983,-13.53104611409691,-46.7716228431415,-37.81853001343717,-26.38304550622977,47.83193640689191,74.16825464528051
